"STATION","DATE","LATITUDE","LONGITUDE","ELEVATION","NAME","TEMP","TEMP_ATTRIBUTES","DEWP","DEWP_ATTRIBUTES","SLP","SLP_ATTRIBUTES","STP","STP_ATTRIBUTES","VISIB","VISIB_ATTRIBUTES","WDSP","WDSP_ATTRIBUTES","MXSPD","GUST","MAX","MAX_ATTRIBUTES","MIN","MIN_ATTRIBUTES","PRCP","PRCP_ATTRIBUTES","SNDP","FRSHTT"
"72011354829","2007-01-01","42.54306","-83.17806","218.2","OAKLAND TROY AIRPORT, MI US","  44.4","24","  37.9","24","9999.9"," 0","999.9"," 0","  8.4","24"," 10.0","24"," 22.0"," 36.9","  51.8","*","  39.2","*","99.99"," ","999.9","010000"
"72011354829","2007-01-02","42.54306","-83.17806","218.2","OAKLAND TROY AIRPORT, MI US","  37.2","24","  27.2","24","9999.9"," 0","999.9"," 0"," 10.0","24","  7.2","24"," 15.9"," 22.9","  44.6","*","  30.2","*"," 0.00","I","999.9","000000"
"72011354829","2007-01-03","42.54306","-83.17806","218.2","OAKLAND TROY AIRPORT, MI US","  38.9","24","  29.8","24","9999.9"," 0","999.9"," 0","  9.0","24","  9.4","24"," 16.9"," 24.1","  48.2","*","  33.8","*"," 0.00","I","999.9","000000"
"72011354829","2007-01-04","42.54306","-83.17806","218.2","OAKLAND TROY AIRPORT, MI US","  44.5","24","  35.1","24","9999.9"," 0","999.9"," 0","  9.8","24"," 10.2","24"," 15.9"," 22.0","  51.8","*","  39.2","*","99.99"," ","999.9","010000"
"72011354829","2007-01-05","42.54306","-83.17806","218.2","OAKLAND TROY AIRPORT, MI US","  48.9","24","  45.5","24","9999.9"," 0","999.9"," 0","  7.2","24","  5.8","24"," 13.0"," 21.0","  51.8","*","  46.4","*","99.99"," ","999.9","010000"
"72011354829","2007-01-06","42.54306","-83.17806","218.2","OAKLAND TROY AIRPORT, MI US","  46.0","24","  41.3","24","9999.9"," 0","999.9"," 0","  5.8","24","  6.6","24"," 16.9"," 25.1","  50.0","*","  39.2","*","99.99"," ","999.9","110000"
"72011354829","2007-01-07","42.54306","-83.17806","218.2","OAKLAND TROY AIRPORT, MI US","  35.1","24","  28.8","24","9999.9"," 0","999.9"," 0","  7.3","24","  3.3","24","  9.9"," 16.9","  39.2","*","  28.4","*","99.99"," ","999.9","010000"
"72011354829","2007-01-08","42.54306","-83.17806","218.2","OAKLAND TROY AIRPORT, MI US","  35.5","24","  29.8","24","9999.9"," 0","999.9"," 0","  7.3","24","  8.9","24"," 22.9"," 28.0","  37.4","*","  33.8","*","99.99"," ","999.9","011000"
"72011354829","2007-01-09","42.54306","-83.17806","218.2","OAKLAND TROY AIRPORT, MI US","  31.5","24","  20.8","24","9999.9"," 0","999.9"," 0","  9.9","24","  7.9","24"," 17.1"," 24.1","  33.8","*","  28.4","*","99.99"," ","999.9","001000"
"72011354829","2007-01-10","42.54306","-83.17806","218.2","OAKLAND TROY AIRPORT, MI US","  25.7","24","  11.8","24","9999.9"," 0","999.9"," 0","  9.9","24"," 10.0","24"," 22.0"," 28.0","  30.2","*","  21.2","*","99.99"," ","999.9","001000"
"72011354829","2007-01-11","42.54306","-83.17806","218.2","OAKLAND TROY AIRPORT, MI US","  35.1","24","  18.6","24","9999.9"," 0","999.9"," 0"," 10.0","24","  9.4","24"," 16.9"," 27.0","  44.6","*","  28.4","*"," 0.00","I","999.9","000000"
"72011354829","2007-01-12","42.54306","-83.17806","218.2","OAKLAND TROY AIRPORT, MI US","  44.4","24","  36.1","24","9999.9"," 0","999.9"," 0","  8.6","24","  8.0","24"," 15.9"," 26.0","  51.8","*","  39.2","*","99.99"," ","999.9","010000"
"72011354829","2007-01-13","42.54306","-83.17806","218.2","OAKLAND TROY AIRPORT, MI US","  35.7","24","  32.7","24","9999.9"," 0","999.9"," 0","  7.6","24","  6.6","24"," 11.1"," 15.0","  51.8","*","  30.2","*","99.99"," ","999.9","011000"
"72011354829","2007-01-14","42.54306","-83.17806","218.2","OAKLAND TROY AIRPORT, MI US","  30.4","24","  26.6","24","9999.9"," 0","999.9"," 0","  9.2","24","  4.8","24","  8.0","999.9","  32.0","*","  28.4","*","99.99"," ","999.9","001000"
"72011354829","2007-01-15","42.54306","-83.17806","218.2","OAKLAND TROY AIRPORT, MI US","  32.4","24","  29.4","24","9999.9"," 0","999.9"," 0","  6.0","24","  2.7","24"," 11.1","999.9","  33.8","*","  32.0","*","99.99"," ","999.9","011000"
"72011354829","2007-01-16","42.54306","-83.17806","218.2","OAKLAND TROY AIRPORT, MI US","  24.1","24","  18.5","24","9999.9"," 0","999.9"," 0","  7.3","24","  2.4","24","  5.1","999.9","  32.0","*","  19.4","*","99.99"," ","999.9","001000"
"72011354829","2007-01-17","42.54306","-83.17806","218.2","OAKLAND TROY AIRPORT, MI US","  19.2","24","  12.9","24","9999.9"," 0","999.9"," 0"," 10.0","24","  1.0","24","  5.1","999.9","  30.2","*","  12.2","*"," 0.00","I","999.9","000000"
"72011354829","2007-01-18","42.54306","-83.17806","218.2","OAKLAND TROY AIRPORT, MI US","  28.0","24","  20.0","24","9999.9"," 0","999.9"," 0"," 10.0","24","  4.5","24","  7.0","999.9","  33.8","*","  24.8","*","99.99"," ","999.9","001000"
"72011354829","2007-01-19","42.54306","-83.17806","218.2","OAKLAND TROY AIRPORT, MI US","  30.2","24","  24.3","24","9999.9"," 0","999.9"," 0","  5.7","24","  8.1","24"," 17.1"," 26.0","  33.8","*","  26.6","*","99.99"," ","999.9","011000"
"72011354829","2007-01-20","42.54306","-83.17806","218.2","OAKLAND TROY AIRPORT, MI US","  21.0","24","  12.6","24","9999.9"," 0","999.9"," 0","  9.1","24","  6.8","24"," 14.0"," 20.0","  24.8","*","  17.6","*","99.99"," ","999.9","001000"
"72011354829","2007-01-21","42.54306","-83.17806","218.2","OAKLAND TROY AIRPORT, MI US","  22.7","24","  16.0","24","9999.9"," 0","999.9"," 0","  8.6","24","  3.6","24"," 13.0"," 16.9","  28.4","*","  17.6","*","99.99"," ","999.9","001000"
"72011354829","2007-01-22","42.54306","-83.17806","218.2","OAKLAND TROY AIRPORT, MI US","  25.5","24","  21.3","24","9999.9"," 0","999.9"," 0","  7.6","24","  5.0","24","  8.0","999.9","  28.4","*","  21.2","*","99.99"," ","999.9","001000"
"72011354829","2007-01-23","42.54306","-83.17806","218.2","OAKLAND TROY AIRPORT, MI US","  28.3","24","  22.2","24","9999.9"," 0","999.9"," 0","  7.2","24","  7.8","24"," 15.0"," 21.0","  30.2","*","  26.6","*","99.99"," ","999.9","001000"
"72011354829","2007-01-24","42.54306","-83.17806","218.2","OAKLAND TROY AIRPORT, MI US","  27.8","24","  21.2","24","9999.9"," 0","999.9"," 0","  7.5","24","  4.1","24","  8.9"," 15.0","  30.2","*","  24.8","*","99.99"," ","999.9","001000"
"72011354829","2007-01-25","42.54306","-83.17806","218.2","OAKLAND TROY AIRPORT, MI US","  19.6","24","  11.5","24","9999.9"," 0","999.9"," 0","  9.2","24","  7.1","24"," 18.1"," 27.0","  24.8","*","  10.4","*","99.99"," ","999.9","001000"
"72011354829","2007-01-26","42.54306","-83.17806","218.2","OAKLAND TROY AIRPORT, MI US","  15.0","24","   5.9","24","9999.9"," 0","999.9"," 0","  7.2","24","  4.4","24"," 11.1"," 15.9","  28.4","*","   6.8","*","99.99"," ","999.9","001000"
"72011354829","2007-01-27","42.54306","-83.17806","218.2","OAKLAND TROY AIRPORT, MI US","  33.5","24","  26.8","24","9999.9"," 0","999.9"," 0","  8.5","24","  6.7","24"," 11.1"," 18.1","  37.4","*","  23.0","*"," 0.00","I","999.9","000000"
"72011354829","2007-01-28","42.54306","-83.17806","218.2","OAKLAND TROY AIRPORT, MI US","  24.9","24","  18.1","24","9999.9"," 0","999.9"," 0","  8.9","24","  6.4","24"," 12.0"," 19.0","  32.0","*","  19.4","*","99.99"," ","999.9","001000"
"72011354829","2007-01-29","42.54306","-83.17806","218.2","OAKLAND TROY AIRPORT, MI US","  16.9","24","   8.5","24","9999.9"," 0","999.9"," 0"," 10.0","24","  6.4","24"," 11.1"," 18.1","  24.8","*","  10.4","*","99.99"," ","999.9","001000"
"72011354829","2007-01-30","42.54306","-83.17806","218.2","OAKLAND TROY AIRPORT, MI US","  20.9","24","  15.4","24","9999.9"," 0","999.9"," 0","  5.7","24","  4.7","24"," 13.0"," 20.0","  24.8","*","  17.6","*","99.99"," ","999.9","001000"
"72011354829","2007-01-31","42.54306","-83.17806","218.2","OAKLAND TROY AIRPORT, MI US","  17.1","24","  10.8","24","9999.9"," 0","999.9"," 0","  9.6","24","  7.0","24"," 14.0"," 18.1","  24.8","*","  12.2","*","99.99"," ","999.9","001000"
"72011354829","2007-02-01","42.54306","-83.17806","218.2","OAKLAND TROY AIRPORT, MI US","  20.7","24","  11.7","24","9999.9"," 0","999.9"," 0","  8.4","24","  8.5","24"," 15.0"," 19.0","  26.6","*","  15.8","*","99.99"," ","999.9","001000"
"72011354829","2007-02-02","42.54306","-83.17806","218.2","OAKLAND TROY AIRPORT, MI US","  23.3","24","  14.6","24","9999.9"," 0","999.9"," 0","  9.5","24","  8.5","24"," 20.0"," 28.0","  24.8","*","  15.8","*","99.99"," ","999.9","001000"
"72011354829","2007-02-03","42.54306","-83.17806","218.2","OAKLAND TROY AIRPORT, MI US","  11.3","24","   0.6","24","9999.9"," 0","999.9"," 0","  8.7","24"," 11.4","24"," 24.1"," 35.0","  17.6","*","   5.0","*","99.99"," ","999.9","001000"
"72011354829","2007-02-04","42.54306","-83.17806","218.2","OAKLAND TROY AIRPORT, MI US","   4.3","24","  -5.4","24","9999.9"," 0","999.9"," 0","  7.7","24","  8.8","24"," 17.1"," 24.1","  10.4","*","  -0.4","*","99.99"," ","999.9","001000"
"72011354829","2007-02-05","42.54306","-83.17806","218.2","OAKLAND TROY AIRPORT, MI US","   3.3","24","  -8.2","24","9999.9"," 0","999.9"," 0"," 10.0","24"," 10.2","24"," 19.0"," 28.0","  12.2","*","  -2.2","*"," 0.00","I","999.9","000000"
"72011354829","2007-02-06","42.54306","-83.17806","218.2","OAKLAND TROY AIRPORT, MI US","   6.8","24","  -2.3","24","9999.9"," 0","999.9"," 0"," 10.0","24","  7.4","24"," 14.0"," 16.9","  14.0","*","  -0.4","*","99.99"," ","999.9","001000"
"72011354829","2007-02-07","42.54306","-83.17806","218.2","OAKLAND TROY AIRPORT, MI US","  11.8","24","   1.2","24","9999.9"," 0","999.9"," 0"," 10.0","24","  8.2","24"," 16.9"," 22.9","  21.2","*","   3.2","*","99.99"," ","999.9","001000"
"72011354829","2007-02-08","42.54306","-83.17806","218.2","OAKLAND TROY AIRPORT, MI US","  15.9","24","   3.4","24","9999.9"," 0","999.9"," 0"," 10.0","24"," 10.5","24"," 17.1"," 22.9","  24.8","*","  10.4","*"," 0.00","I","999.9","000000"
"72011354829","2007-02-09","42.54306","-83.17806","218.2","OAKLAND TROY AIRPORT, MI US","  17.4","24","   6.6","24","9999.9"," 0","999.9"," 0"," 10.0","24","  7.0","24"," 15.0"," 22.9","  26.6","*","  10.4","*"," 0.00","I","999.9","000000"
"72011354829","2007-02-10","42.54306","-83.17806","218.2","OAKLAND TROY AIRPORT, MI US","  19.7","24","   8.3","24","9999.9"," 0","999.9"," 0","  8.2","24","  7.7","24"," 13.0"," 18.1","  24.8","*","  15.8","*","99.99"," ","999.9","001000"
"72011354829","2007-02-11","42.54306","-83.17806","218.2","OAKLAND TROY AIRPORT, MI US","  16.8","24","   6.7","24","9999.9"," 0","999.9"," 0","  9.9","24","  7.3","24"," 15.0"," 21.0","  24.8","*","  10.4","*","99.99"," ","999.9","001000"
"72011354829","2007-02-12","42.54306","-83.17806","218.2","OAKLAND TROY AIRPORT, MI US","  25.9","24","  17.5","24","9999.9"," 0","999.9"," 0","  6.2","24","  4.5","24"," 11.1"," 18.1","  28.4","*","  23.0","*","99.99"," ","999.9","001000"
"72011354829","2007-02-13","42.54306","-83.17806","218.2","OAKLAND TROY AIRPORT, MI US","  14.9","24","   5.9","24","9999.9"," 0","999.9"," 0","  8.4","24"," 11.6","24"," 20.0"," 25.1","  23.0","*","  10.4","*","99.99"," ","999.9","001000"
"72011354829","2007-02-14","42.54306","-83.17806","218.2","OAKLAND TROY AIRPORT, MI US","  14.6","24","   7.0","24","9999.9"," 0","999.9"," 0","  6.6","12"," 12.7","24"," 18.1"," 28.0","  19.4","*","  10.4","*","99.99"," ","999.9","001000"
"72011354829","2007-02-15","42.54306","-83.17806","218.2","OAKLAND TROY AIRPORT, MI US","  11.5","24","  -0.2","24","9999.9"," 0","999.9"," 0","  9.9","24","  7.3","24"," 13.0"," 19.0","  19.4","*","   3.2","*"," 0.00","I","999.9","000000"
"72011354829","2007-02-16","42.54306","-83.17806","218.2","OAKLAND TROY AIRPORT, MI US","  15.4","24","   7.0","24","9999.9"," 0","999.9"," 0","  9.3","24","  8.3","24"," 15.9"," 22.0","  24.8","*","   8.6","*","99.99"," ","999.9","001000"
"72011354829","2007-02-17","42.54306","-83.17806","218.2","OAKLAND TROY AIRPORT, MI US","  16.2","24","   7.2","24","9999.9"," 0","999.9"," 0","  7.9","24","  7.2","24"," 15.0"," 22.0","  26.6","*","   8.6","*","99.99"," ","999.9","001000"
"72011354829","2007-02-18","42.54306","-83.17806","218.2","OAKLAND TROY AIRPORT, MI US","  21.3","24","  11.8","24","9999.9"," 0","988.2"," 4","  8.5","24","  6.9","24"," 15.0"," 20.0","  26.6","*","  17.6","*","99.99"," ","999.9","001000"
"72011354829","2007-02-19","42.54306","-83.17806","218.2","OAKLAND TROY AIRPORT, MI US","  21.2","24","  10.8","24","9999.9"," 0","999.9"," 0"," 10.0","24","  6.0","24"," 15.0"," 22.9","  41.0","*","  14.0","*"," 0.00","I","999.9","000000"
"72011354829","2007-02-20","42.54306","-83.17806","218.2","OAKLAND TROY AIRPORT, MI US","  39.4","24","  28.9","24","9999.9"," 0","999.9"," 0","  9.8","24","  7.8","24"," 16.9"," 24.1","  44.6","*","  35.6","*"," 0.00","I","999.9","000000"
"72011354829","2007-02-21","42.54306","-83.17806","218.2","OAKLAND TROY AIRPORT, MI US","  31.1","24","  26.4","24","9999.9"," 0","999.9"," 0","  3.9","24","  2.7","24","  8.0","999.9","  42.8","*","  23.0","*"," 0.00","I","999.9","100000"
"72011354829","2007-02-22","42.54306","-83.17806","218.2","OAKLAND TROY AIRPORT, MI US","  35.2","24","  27.7","24","9999.9"," 0","999.9"," 0","  6.4","24"," 13.5","24"," 27.0"," 42.9","  39.2","*","  32.0","*","99.99"," ","999.9","011000"
"72011354829","2007-02-23","42.54306","-83.17806","218.2","OAKLAND TROY AIRPORT, MI US","  23.6","24","   9.5","24","9999.9"," 0","999.9"," 0"," 10.0","24","  8.9","24"," 21.0"," 32.1","  32.0","*","  15.8","*"," 0.00","I","999.9","000000"
"72011354829","2007-02-24","42.54306","-83.17806","218.2","OAKLAND TROY AIRPORT, MI US","  22.1","24","  11.8","24","9999.9"," 0","999.9"," 0"," 10.0","24","  4.9","24"," 11.1"," 15.0","  30.2","*","  15.8","*"," 0.00","I","999.9","000000"
"72011354829","2007-02-25","42.54306","-83.17806","218.2","OAKLAND TROY AIRPORT, MI US","  27.8","24","  22.6","24","9999.9"," 0","999.9"," 0","  8.4","24","  9.8","24"," 15.9"," 23.9","  33.8","*","  21.2","*","99.99"," ","999.9","011000"
"72011354829","2007-02-26","42.54306","-83.17806","218.2","OAKLAND TROY AIRPORT, MI US","  34.1","24","  30.3","24","9999.9"," 0","999.9"," 0","  5.2","24","  3.4","24","  7.0","999.9","  35.6","*","  33.8","*","99.99"," ","999.9","011000"
"72011354829","2007-02-27","42.54306","-83.17806","218.2","OAKLAND TROY AIRPORT, MI US","  33.9","24","  29.0","24","9999.9"," 0","999.9"," 0","  6.3","24","  3.9","24","  8.0","999.9","  37.4","*","  32.0","*","99.99"," ","999.9","001000"
"72011354829","2007-02-28","42.54306","-83.17806","218.2","OAKLAND TROY AIRPORT, MI US","  35.7","24","  29.8","24","9999.9"," 0","995.3"," 4","  5.7","24","  2.9","24","  9.9","999.9","  39.2","*","  33.8","*"," 0.00","I","999.9","000000"
"72011354829","2007-03-01","42.54306","-83.17806","218.2","OAKLAND TROY AIRPORT, MI US","  32.9","24","  28.9","24","9999.9"," 0","999.9"," 0","  5.2","24"," 10.0","24"," 18.1"," 24.1","  35.6","*","  30.2","*","99.99"," ","999.9","011000"
"72011354829","2007-03-02","42.54306","-83.17806","218.2","OAKLAND TROY AIRPORT, MI US","  35.4","24","  29.4","24","9999.9"," 0","967.5"," 4","  5.8","24"," 12.5","24"," 22.9"," 36.9","  37.4","*","  32.0","*","99.99"," ","999.9","011000"
"72011354829","2007-03-03","42.54306","-83.17806","218.2","OAKLAND TROY AIRPORT, MI US","  30.3","24","  20.8","24","9999.9"," 0","999.9"," 0","  8.5","24"," 12.0","24"," 16.9"," 24.1","  33.8","*","  28.4","*","99.99"," ","999.9","001000"
"72011354829","2007-03-04","42.54306","-83.17806","218.2","OAKLAND TROY AIRPORT, MI US","  28.5","24","  18.0","24","9999.9"," 0","999.9"," 0","  9.3","24"," 10.1","24"," 18.1"," 22.9","  33.8","*","  26.6","*","99.99"," ","999.9","001000"
"72011354829","2007-03-05","42.54306","-83.17806","218.2","OAKLAND TROY AIRPORT, MI US","  27.9","24","  12.5","24","9999.9"," 0","994.3"," 6","  9.8","24"," 14.0","24"," 26.0"," 33.0","  30.2","*","  19.4","*","99.99"," ","999.9","001000"
"72011354829","2007-03-06","42.54306","-83.17806","218.2","OAKLAND TROY AIRPORT, MI US","  13.7","24","  -4.1","24","9999.9"," 0","999.9"," 0"," 10.0","24","  6.8","24"," 15.0"," 25.1","  21.2","*","   6.8","*"," 0.00","I","999.9","000000"
"72011354829","2007-03-07","42.54306","-83.17806","218.2","OAKLAND TROY AIRPORT, MI US","  19.6","24","  11.0","24","9999.9"," 0","999.9"," 0","  6.4","24","  2.1","24","  7.0","999.9","  28.4","*","  15.8","*","99.99"," ","999.9","001000"
"72011354829","2007-03-08","42.54306","-83.17806","218.2","OAKLAND TROY AIRPORT, MI US","  23.3","24","  11.7","24","9999.9"," 0","999.8"," 4"," 10.0","24","  2.8","24","  9.9","999.9","  33.8","*","  15.8","*"," 0.00","I","999.9","000000"
"72011354829","2007-03-09","42.54306","-83.17806","218.2","OAKLAND TROY AIRPORT, MI US","  31.0","24","  17.5","24","9999.9"," 0","999.9"," 0"," 10.0","24","  4.3","24","  8.9","999.9","  48.2","*","  21.2","*"," 0.00","I","999.9","000000"
"72011354829","2007-03-10","42.54306","-83.17806","218.2","OAKLAND TROY AIRPORT, MI US","  42.9","24","  30.9","24","9999.9"," 0","999.9"," 0","  7.0","24","  6.4","24"," 16.9"," 26.0","  53.6","*","  35.6","*","99.99"," ","999.9","010000"
"72011354829","2007-03-11","42.54306","-83.17806","218.2","OAKLAND TROY AIRPORT, MI US","  41.3","24","  19.2","24","9999.9"," 0","999.9"," 0"," 10.0","24","  6.6","24"," 11.1"," 15.9","  51.8","*","  33.8","*"," 0.00","I","999.9","000000"
"72011354829","2007-03-12","42.54306","-83.17806","218.2","OAKLAND TROY AIRPORT, MI US","  40.7","24","  26.1","24","9999.9"," 0","999.9"," 0"," 10.0","24","  7.2","24"," 15.0"," 22.9","  50.0","*","  33.8","*","99.99"," ","999.9","010000"
"72011354829","2007-03-13","42.54306","-83.17806","218.2","OAKLAND TROY AIRPORT, MI US","  53.6","24","  37.2","24","9999.9"," 0","999.9"," 0"," 10.0","24","  8.1","24"," 16.9"," 22.9","  73.4","*","  42.8","*"," 0.00","I","999.9","000000"
"72011354829","2007-03-14","42.54306","-83.17806","218.2","OAKLAND TROY AIRPORT, MI US","  61.4","24","  51.1","24","9999.9"," 0","999.9"," 0","  7.7","24","  8.9","24"," 12.0"," 18.1","  68.0","*","  53.6","*","99.99"," ","999.9","010000"
"72011354829","2007-03-15","42.54306","-83.17806","218.2","OAKLAND TROY AIRPORT, MI US","  36.4","24","  27.6","24","9999.9"," 0","999.9"," 0","  8.4","24","  9.9","24"," 15.9"," 22.9","  53.6","*","  28.4","*","99.99"," ","999.9","011000"
"72011354829","2007-03-16","42.54306","-83.17806","218.2","OAKLAND TROY AIRPORT, MI US","  29.6","24","  16.2","24","9999.9"," 0","999.9"," 0"," 10.0","24"," 10.7","24"," 15.9"," 22.0","  35.6","*","  26.6","*"," 0.00","I","999.9","000000"
"72011354829","2007-03-17","42.54306","-83.17806","218.2","OAKLAND TROY AIRPORT, MI US","  30.5","24","  16.9","24","9999.9"," 0","999.9"," 0","  9.3","24","  9.5","24"," 15.9"," 22.0","  37.4","*","  26.6","*","99.99"," ","999.9","001000"
"72011354829","2007-03-18","42.54306","-83.17806","218.2","OAKLAND TROY AIRPORT, MI US","  32.3","24","  12.9","24","9999.9"," 0","999.9"," 0"," 10.0","24","  8.0","24"," 15.9"," 21.0","  39.2","*","  24.8","*"," 0.00","I","999.9","000000"
"72011354829","2007-03-19","42.54306","-83.17806","218.2","OAKLAND TROY AIRPORT, MI US","  35.9","24","  23.7","24","9999.9"," 0","999.9"," 0","  8.8","24","  6.3","24"," 14.0"," 19.0","  44.6","*","  32.0","*","99.99"," ","999.9","001000"
"72011354829","2007-03-20","42.54306","-83.17806","218.2","OAKLAND TROY AIRPORT, MI US","  35.0","24","  21.3","24","9999.9"," 0","999.9"," 0"," 10.0","24","  6.7","24"," 13.0"," 16.9","  46.4","*","  26.6","*"," 0.00","I","999.9","000000"
"72011354829","2007-03-21","42.54306","-83.17806","218.2","OAKLAND TROY AIRPORT, MI US","  33.1","24","  25.8","24","9999.9"," 0","999.9"," 0","  8.5","24","  5.1","24","  8.0","999.9","  50.0","*","  24.8","*","99.99"," ","999.9","011000"
"72011354829","2007-03-22","42.54306","-83.17806","218.2","OAKLAND TROY AIRPORT, MI US","  58.5","24","  47.2","24","9999.9"," 0","999.9"," 0","  8.8","24","  9.7","24"," 19.0"," 26.0","  64.4","*","  46.4","*","99.99"," ","999.9","010000"
"72011354829","2007-03-23","42.54306","-83.17806","218.2","OAKLAND TROY AIRPORT, MI US","  48.8","24","  29.0","24","9999.9"," 0","999.9"," 0"," 10.0","24","  3.7","24","  8.0","999.9","  55.4","*","  42.8","*"," 0.00","I","999.9","000000"
"72011354829","2007-03-24","42.54306","-83.17806","218.2","OAKLAND TROY AIRPORT, MI US","  51.7","24","  40.5","24","9999.9"," 0","999.9"," 0","  8.6","24","  5.3","24"," 15.0"," 19.0","  62.6","*","  46.4","*","99.99"," ","999.9","010000"
"72011354829","2007-03-25","42.54306","-83.17806","218.2","OAKLAND TROY AIRPORT, MI US","  48.4","24","  40.6","24","9999.9"," 0","999.9"," 0","  7.2","24","  4.1","24","  9.9"," 15.0","  60.8","*","  39.2","*","99.99"," ","999.9","010000"
"72011354829","2007-03-26","42.54306","-83.17806","218.2","OAKLAND TROY AIRPORT, MI US","  59.8","24","  46.7","24","9999.9"," 0","999.9"," 0","  8.8","24","  7.1","24"," 21.0"," 28.0","  78.8","*","  46.4","*","99.99"," ","999.9","010000"
"72011354829","2007-03-27","42.54306","-83.17806","218.2","OAKLAND TROY AIRPORT, MI US","  68.2","24","  56.3","24","9999.9"," 0","999.9"," 0","  8.9","24","  5.7","24"," 12.0"," 18.1","  80.6","*","  57.2","*","99.99"," ","999.9","010000"
"72011354829","2007-03-28","42.54306","-83.17806","218.2","OAKLAND TROY AIRPORT, MI US","  50.6","24","  37.8","24","9999.9"," 0","999.9"," 0","  9.4","24"," 11.6","24"," 21.0"," 26.0","  57.2","*","  44.6","*","99.99"," ","999.9","010000"
"72011354829","2007-03-29","42.54306","-83.17806","218.2","OAKLAND TROY AIRPORT, MI US","  45.3","24","  13.8","24","9999.9"," 0","999.9"," 0"," 10.0","24"," 11.9","24"," 15.0"," 22.0","  53.6","*","  37.4","*"," 0.00","I","999.9","000000"
"72011354829","2007-03-30","42.54306","-83.17806","218.2","OAKLAND TROY AIRPORT, MI US","  47.8","24","  21.7","24","9999.9"," 0","999.9"," 0"," 10.0","24","  4.1","24"," 12.0"," 15.9","  62.6","*","  37.4","*"," 0.00","I","999.9","000000"
"72011354829","2007-03-31","42.54306","-83.17806","218.2","OAKLAND TROY AIRPORT, MI US","  47.8","24","  28.4","24","9999.9"," 0","999.9"," 0"," 10.0","24","  7.5","24"," 13.0"," 18.1","  53.6","*","  44.6","*","99.99"," ","999.9","010000"
"72011354829","2007-04-01","42.54306","-83.17806","218.2","OAKLAND TROY AIRPORT, MI US","  52.8","24","  37.9","24","9999.9"," 0","999.9"," 0","  7.8","24","  7.4","24"," 21.0"," 35.9","  69.8","*","  44.6","*","99.99"," ","999.9","010000"
"72011354829","2007-04-02","42.54306","-83.17806","218.2","OAKLAND TROY AIRPORT, MI US","  55.5","24","  38.8","24","9999.9"," 0","999.9"," 0"," 10.0","24"," 12.2","24"," 19.0"," 30.9","  62.6","*","  48.2","*","99.99"," ","999.9","010000"
"72011354829","2007-04-03","42.54306","-83.17806","218.2","OAKLAND TROY AIRPORT, MI US","  51.5","24","  38.2","24","9999.9"," 0","999.9"," 0"," 10.0","24","  5.5","24"," 12.0"," 19.0","  62.6","*","  44.6","*","99.99"," ","999.9","010000"
"72011354829","2007-04-04","42.54306","-83.17806","218.2","OAKLAND TROY AIRPORT, MI US","  46.2","24","  35.9","24","9999.9"," 0","999.9"," 0","  9.9","24"," 11.8","24"," 24.1"," 35.9","  60.8","*","  30.2","*","99.99"," ","999.9","011000"
"72011354829","2007-04-05","42.54306","-83.17806","218.2","OAKLAND TROY AIRPORT, MI US","  28.1","24","  15.0","24","9999.9"," 0","999.9"," 0","  8.6","24"," 16.8","24"," 23.9"," 33.0","  30.2","*","  24.8","*","99.99"," ","999.9","001000"
"72011354829","2007-04-06","42.54306","-83.17806","218.2","OAKLAND TROY AIRPORT, MI US","  27.4","24","  13.2","24","9999.9"," 0","999.9"," 0","  9.7","24"," 11.6","24"," 18.1"," 26.0","  30.2","*","  24.8","*","99.99"," ","999.9","001000"
"72011354829","2007-04-07","42.54306","-83.17806","218.2","OAKLAND TROY AIRPORT, MI US","  25.0","24","  16.9","24","9999.9"," 0","999.9"," 0","  7.7","24","  9.9","24"," 15.0"," 20.0","  30.2","*","  21.2","*","99.99"," ","999.9","001000"
"72011354829","2007-04-08","42.54306","-83.17806","218.2","OAKLAND TROY AIRPORT, MI US","  28.7","24","  20.9","24","9999.9"," 0","999.9"," 0","  8.5","24","  8.5","24"," 13.0"," 19.0","  33.8","*","  26.6","*","99.99"," ","999.9","001000"
"72011354829","2007-04-09","42.54306","-83.17806","218.2","OAKLAND TROY AIRPORT, MI US","  34.8","24","  19.9","24","9999.9"," 0","999.9"," 0"," 10.0","24","  4.4","24","  9.9","999.9","  41.0","*","  30.2","*"," 0.00","I","999.9","000000"
"72011354829","2007-04-10","42.54306","-83.17806","218.2","OAKLAND TROY AIRPORT, MI US","  38.0","24","  22.2","24","9999.9"," 0","999.9"," 0","  9.3","24","  3.0","24","  7.0","999.9","  46.4","*","  30.2","*","99.99"," ","999.9","001000"
"72011354829","2007-04-11","42.54306","-83.17806","218.2","OAKLAND TROY AIRPORT, MI US","  37.4","24","  24.1","24","9999.9"," 0","999.9"," 0","  8.4","24"," 10.6","24"," 18.1"," 28.0","  42.8","*","  35.6","*","99.99"," ","999.9","011000"
"72011354829","2007-04-12","42.54306","-83.17806","218.2","OAKLAND TROY AIRPORT, MI US","  42.6","24","  36.9","24","9999.9"," 0","999.9"," 0","  7.4","24"," 11.4","24"," 21.0"," 28.0","  46.4","*","  39.2","*","99.99"," ","999.9","010000"
"72011354829","2007-04-13","42.54306","-83.17806","218.2","OAKLAND TROY AIRPORT, MI US","  41.3","24","  23.9","24","9999.9"," 0","999.9"," 0"," 10.0","24"," 14.4","24"," 20.0"," 30.9","  51.8","*","  33.8","*"," 0.00","I","999.9","000000"
"72011354829","2007-04-14","42.54306","-83.17806","218.2","OAKLAND TROY AIRPORT, MI US","  39.5","24","  18.2","24","9999.9"," 0","999.9"," 0"," 10.0","24","  4.7","24"," 13.0"," 19.0","  46.4","*","  32.0","*"," 0.00","I","999.9","000000"
"72011354829","2007-04-15","42.54306","-83.17806","218.2","OAKLAND TROY AIRPORT, MI US","  40.3","24","  26.1","24","9999.9"," 0","999.9"," 0","  9.7","24"," 10.7","24"," 19.0"," 27.0","  51.8","*","  33.8","*","99.99"," ","999.9","001000"
"72011354829","2007-04-16","42.54306","-83.17806","218.2","OAKLAND TROY AIRPORT, MI US","  45.0","24","  22.9","24","9999.9"," 0","999.9"," 0"," 10.0","24"," 15.0","24"," 28.9"," 39.0","  59.0","*","  35.6","*"," 0.00","I","999.9","000000"
"72011354829","2007-04-17","42.54306","-83.17806","218.2","OAKLAND TROY AIRPORT, MI US","  51.1","24","  27.2","24","9999.9"," 0","999.9"," 0"," 10.0","24","  8.0","24"," 15.0"," 20.0","  60.8","*","  41.0","*"," 0.00","I","999.9","000000"
"72011354829","2007-04-18","42.54306","-83.17806","218.2","OAKLAND TROY AIRPORT, MI US","  46.2","24","  34.4","24","9999.9"," 0","999.9"," 0","  9.6","24","  6.2","24","  9.9"," 15.9","  53.6","*","  42.8","*"," 0.00","I","999.9","000000"
"72011354829","2007-04-19","42.54306","-83.17806","218.2","OAKLAND TROY AIRPORT, MI US","  50.7","24","  35.6","24","9999.9"," 0","999.9"," 0"," 10.0","24","  8.1","24"," 18.1"," 24.1","  62.6","*","  42.8","*"," 0.00","I","999.9","000000"
"72011354829","2007-04-20","42.54306","-83.17806","218.2","OAKLAND TROY AIRPORT, MI US","  58.0","24","  29.2","24","9999.9"," 0","999.9"," 0"," 10.0","24","  4.1","24","  9.9"," 14.0","  71.6","*","  42.8","*"," 0.00","I","999.9","000000"
"72011354829","2007-04-21","42.54306","-83.17806","218.2","OAKLAND TROY AIRPORT, MI US","  60.3","24","  26.2","24","9999.9"," 0","999.9"," 0","  9.9","24","  2.9","24","  8.9"," 14.0","  75.2","*","  44.6","*"," 0.00","I","999.9","000000"
"72011354829","2007-04-22","42.54306","-83.17806","218.2","OAKLAND TROY AIRPORT, MI US","  65.0","24","  31.9","24","9999.9"," 0","999.9"," 0"," 10.0","24","  6.1","24"," 15.9"," 22.0","  82.4","*","  48.2","*"," 0.00","I","999.9","000000"
"72011354829","2007-04-23","42.54306","-83.17806","218.2","OAKLAND TROY AIRPORT, MI US","  70.9","24","  44.3","24","9999.9"," 0","999.9"," 0"," 10.0","24"," 11.7","24"," 22.0"," 33.0","  77.0","*","  66.2","*","99.99"," ","999.9","010000"
"72011354829","2007-04-24","42.54306","-83.17806","218.2","OAKLAND TROY AIRPORT, MI US","  57.3","24","  39.9","24","9999.9"," 0","999.9"," 0"," 10.0","24","  4.3","24"," 15.0"," 22.0","  66.2","*","  46.4","*"," 0.00","I","999.9","000000"
"72011354829","2007-04-25","42.54306","-83.17806","218.2","OAKLAND TROY AIRPORT, MI US","  51.0","24","  39.7","24","9999.9"," 0","999.9"," 0","  8.2","24","  6.5","24"," 12.0"," 15.9","  59.0","*","  42.8","*","99.99"," ","999.9","010000"
"72011354829","2007-04-26","42.54306","-83.17806","218.2","OAKLAND TROY AIRPORT, MI US","  48.1","24","  43.7","24","9999.9"," 0","999.9"," 0","  7.2","24","  7.4","24"," 13.0"," 18.1","  53.6","*","  46.4","*","99.99"," ","999.9","010000"
"72011354829","2007-04-27","42.54306","-83.17806","218.2","OAKLAND TROY AIRPORT, MI US","  53.8","24","  49.9","24","9999.9"," 0","999.9"," 0","  4.6","24","  6.7","24"," 15.0"," 22.0","  57.2","*","  51.8","*","99.99"," ","999.9","110000"
"72011354829","2007-04-28","42.54306","-83.17806","218.2","OAKLAND TROY AIRPORT, MI US","  53.5","24","  41.7","24","9999.9"," 0","999.9"," 0","  8.0","24","  7.5","24"," 14.0"," 25.1","  69.8","*","  46.4","*","99.99"," ","999.9","010000"
"72011354829","2007-04-29","42.54306","-83.17806","218.2","OAKLAND TROY AIRPORT, MI US","  61.5","24","  41.0","24","9999.9"," 0","999.9"," 0"," 10.0","24","  5.6","24"," 15.9"," 21.0","  77.0","*","  51.8","*","99.99"," ","999.9","010000"
"72011354829","2007-04-30","42.54306","-83.17806","218.2","OAKLAND TROY AIRPORT, MI US","  64.8","24","  37.8","24","9999.9"," 0","999.9"," 0"," 10.0","24","  6.8","24"," 15.0"," 28.0","  75.2","*","  55.4","*","99.99"," ","999.9","010000"
"72011354829","2007-05-01","42.54306","-83.17806","218.2","OAKLAND TROY AIRPORT, MI US","  53.1","24","  45.6","24","9999.9"," 0","999.9"," 0","  8.3","24","  4.3","24"," 11.1"," 22.0","  59.0","*","  48.2","*","99.99"," ","999.9","010000"
"72011354829","2007-05-02","42.54306","-83.17806","218.2","OAKLAND TROY AIRPORT, MI US","  55.4","24","  45.0","24","9999.9"," 0","999.9"," 0","  8.0","24","  4.1","24"," 11.1"," 14.0","  64.4","*","  51.8","*"," 0.00","I","999.9","000000"
"72011354829","2007-05-03","42.54306","-83.17806","218.2","OAKLAND TROY AIRPORT, MI US","  55.5","24","  34.1","24","9999.9"," 0","999.9"," 0"," 10.0","24","  7.8","24"," 14.0"," 19.0","  68.0","*","  46.4","*"," 0.00","I","999.9","000000"
"72011354829","2007-05-04","42.54306","-83.17806","218.2","OAKLAND TROY AIRPORT, MI US","  56.5","24","  24.5","24","9999.9"," 0","999.9"," 0"," 10.0","24","  9.1","24"," 15.9"," 25.1","  69.8","*","  44.6","*"," 0.00","I","999.9","000000"
"72011354829","2007-05-05","42.54306","-83.17806","218.2","OAKLAND TROY AIRPORT, MI US","  59.4","24","  28.6","24","9999.9"," 0","999.9"," 0"," 10.0","24","  9.5","24"," 19.0"," 25.1","  69.8","*","  48.2","*"," 0.00","I","999.9","000000"
"72011354829","2007-05-06","42.54306","-83.17806","218.2","OAKLAND TROY AIRPORT, MI US","  54.5","24","  20.1","24","9999.9"," 0","999.9"," 0"," 10.0","24"," 10.0","24"," 14.0"," 22.9","  62.6","*","  44.6","*"," 0.00","I","999.9","000000"
"72011354829","2007-05-07","42.54306","-83.17806","218.2","OAKLAND TROY AIRPORT, MI US","  58.2","24","  28.7","24","9999.9"," 0","999.9"," 0","  9.9","24","  5.9","24"," 14.0"," 20.0","  73.4","*","  44.6","*"," 0.00","I","999.9","000000"
"72011354829","2007-05-08","42.54306","-83.17806","218.2","OAKLAND TROY AIRPORT, MI US","  67.3","24","  40.3","24","9999.9"," 0","999.9"," 0"," 10.0","24","  4.6","24","  8.9"," 14.0","  86.0","*","  53.6","*"," 0.00","I","999.9","000000"
"72011354829","2007-05-09","42.54306","-83.17806","218.2","OAKLAND TROY AIRPORT, MI US","  69.5","24","  58.6","24","9999.9"," 0","999.9"," 0","  6.6","24","  2.3","24","  8.0","999.9","  80.6","*","  64.4","*","99.99"," ","999.9","010000"
"72011354829","2007-05-10","42.54306","-83.17806","218.2","OAKLAND TROY AIRPORT, MI US","  66.4","24","  55.9","24","9999.9"," 0","999.9"," 0","  6.5","24","  2.0","24","  7.0","999.9","  80.6","*","  55.4","*"," 0.00","I","999.9","100000"
"72011354829","2007-05-11","42.54306","-83.17806","218.2","OAKLAND TROY AIRPORT, MI US","  71.4","24","  55.8","24","9999.9"," 0","999.9"," 0","  8.6","24","  4.2","24"," 14.0"," 19.0","  82.4","*","  60.8","*"," 0.00","I","999.9","000000"
"72011354829","2007-05-12","42.54306","-83.17806","218.2","OAKLAND TROY AIRPORT, MI US","  57.0","24","  37.7","24","9999.9"," 0","999.9"," 0"," 10.0","24","  9.1","24"," 15.9"," 22.0","  62.6","*","  50.0","*"," 0.00","I","999.9","000000"
"72011354829","2007-05-13","42.54306","-83.17806","218.2","OAKLAND TROY AIRPORT, MI US","  51.6","24","  21.3","24","9999.9"," 0","999.9"," 0"," 10.0","24","  6.3","24"," 13.0"," 21.0","  66.2","*","  39.2","*"," 0.00","I","999.9","000000"
"72011354829","2007-05-14","42.54306","-83.17806","218.2","OAKLAND TROY AIRPORT, MI US","  57.0","24","  34.2","24","9999.9"," 0","999.9"," 0","  9.8","24","  4.3","24"," 15.0"," 22.0","  75.2","*","  46.4","*","99.99"," ","999.9","010000"
"72011354829","2007-05-15","42.54306","-83.17806","218.2","OAKLAND TROY AIRPORT, MI US","  74.8","24","  46.2","24","9999.9"," 0","999.9"," 0"," 10.0","24","  9.8","24"," 18.1"," 29.9","  87.8","*","  66.2","*","99.99"," ","999.9","010000"
"72011354829","2007-05-16","42.54306","-83.17806","218.2","OAKLAND TROY AIRPORT, MI US","  57.6","24","  51.9","24","9999.9"," 0","999.9"," 0","  9.1","24","  7.7","24"," 16.9"," 23.9","  66.2","*","  53.6","*","99.99"," ","999.9","010000"
"72011354829","2007-05-17","42.54306","-83.17806","218.2","OAKLAND TROY AIRPORT, MI US","  49.5","24","  37.9","24","9999.9"," 0","999.9"," 0"," 10.0","24","  7.7","24"," 15.9"," 20.0","  59.0","*","  44.6","*","99.99"," ","999.9","010000"
"72011354829","2007-05-18","42.54306","-83.17806","218.2","OAKLAND TROY AIRPORT, MI US","  54.9","24","  28.5","24","9999.9"," 0","999.9"," 0"," 10.0","24","  2.7","24","  8.0","999.9","  69.8","*","  41.0","*"," 0.00","I","999.9","000000"
"72011354829","2007-05-19","42.54306","-83.17806","218.2","OAKLAND TROY AIRPORT, MI US","  59.4","24","  38.5","24","9999.9"," 0","999.9"," 0"," 10.0","24","  5.1","24"," 12.0"," 18.1","  75.2","*","  48.2","*","99.99"," ","999.9","010000"
"72011354829","2007-05-20","42.54306","-83.17806","218.2","OAKLAND TROY AIRPORT, MI US","  61.2","24","  46.7","24","9999.9"," 0","999.9"," 0"," 10.0","24","  5.7","24"," 11.1"," 15.0","  73.4","*","  51.8","*"," 0.00","I","999.9","000000"
"72011354829","2007-05-21","42.54306","-83.17806","218.2","OAKLAND TROY AIRPORT, MI US","  51.1","24","  38.5","24","9999.9"," 0","999.9"," 0"," 10.0","24","  3.6","24","  8.0"," 15.0","  66.2","*","  41.0","*"," 0.00","I","999.9","000000"
"72011354829","2007-05-22","42.54306","-83.17806","218.2","OAKLAND TROY AIRPORT, MI US","  64.4","24","  44.8","24","9999.9"," 0","999.9"," 0","  9.9","24","  2.9","24","  8.0"," 15.0","  84.2","*","  50.0","*"," 0.00","I","999.9","000000"
"72011354829","2007-05-23","42.54306","-83.17806","218.2","OAKLAND TROY AIRPORT, MI US","  72.7","24","  48.7","24","9999.9"," 0","999.9"," 0","  9.9","24","  4.5","24"," 11.1"," 19.0","  89.6","*","  57.2","*"," 0.00","I","999.9","000000"
"72011354829","2007-05-24","42.54306","-83.17806","218.2","OAKLAND TROY AIRPORT, MI US","  77.8","24","  50.1","24","9999.9"," 0","999.9"," 0","  8.9","24","  5.0","24"," 15.0"," 21.0","  89.6","*","  62.6","*"," 0.00","I","999.9","000000"
"72011354829","2007-05-25","42.54306","-83.17806","218.2","OAKLAND TROY AIRPORT, MI US","  73.5","24","  56.6","24","9999.9"," 0","999.9"," 0","  9.6","24","  6.4","24"," 11.1"," 18.1","  82.4","*","  69.8","*","99.99"," ","999.9","010000"
"72011354829","2007-05-26","42.54306","-83.17806","218.2","OAKLAND TROY AIRPORT, MI US","  62.2","24","  52.5","24","9999.9"," 0","996.6"," 4","  9.5","24","  4.5","24"," 13.0"," 20.0","  71.6","*","  53.6","*","99.99"," ","999.9","010000"
"72011354829","2007-05-27","42.54306","-83.17806","218.2","OAKLAND TROY AIRPORT, MI US","  65.0","24","  59.0","24","9999.9"," 0","999.9"," 0","  5.5","24","  5.4","24"," 14.0"," 22.9","  75.2","*","  57.2","*","99.99"," ","999.9","010000"
"72011354829","2007-05-28","42.54306","-83.17806","218.2","OAKLAND TROY AIRPORT, MI US","  65.8","24","  42.4","24","9999.9"," 0","999.9"," 0"," 10.0","24","  2.4","24","  8.0"," 14.0","  78.8","*","  53.6","*"," 0.00","I","999.9","000000"
"72011354829","2007-05-29","42.54306","-83.17806","218.2","OAKLAND TROY AIRPORT, MI US","  70.2","24","  47.8","24","9999.9"," 0","999.9"," 0"," 10.0","24","  3.4","24","  9.9","999.9","  84.2","*","  57.2","*"," 0.00","I","999.9","000000"
"72011354829","2007-05-30","42.54306","-83.17806","218.2","OAKLAND TROY AIRPORT, MI US","  75.2","24","  53.8","24","9999.9"," 0","999.9"," 0","  8.5","24","  3.0","24","  8.9","999.9","  89.6","*","  62.6","*","99.99"," ","999.9","010000"
"72011354829","2007-05-31","42.54306","-83.17806","218.2","OAKLAND TROY AIRPORT, MI US","  79.3","24","  56.1","24","9999.9"," 0","999.9"," 0","  7.4","24","  3.8","24","  8.9"," 15.0","  89.6","*","  69.8","*"," 0.00","I","999.9","000000"
"72011354829","2007-06-01","42.54306","-83.17806","218.2","OAKLAND TROY AIRPORT, MI US","  79.0","24","  54.9","24","9999.9"," 0","999.9"," 0","  8.2","24","  3.2","24","  7.0","999.9","  86.0","*","  71.6","*"," 0.00","I","999.9","000000"
"72011354829","2007-06-02","42.54306","-83.17806","218.2","OAKLAND TROY AIRPORT, MI US","  76.9","24","  60.2","24","9999.9"," 0","999.9"," 0","  7.2","24","  3.6","24"," 15.0"," 20.0","  89.6","*","  66.2","*","99.99"," ","999.9","010000"
"72011354829","2007-06-03","42.54306","-83.17806","218.2","OAKLAND TROY AIRPORT, MI US","  69.7","24","  63.9","24","9999.9"," 0","999.9"," 0","  7.3","24","  1.9","24","  7.0","999.9","  73.4","*","  66.2","*","99.99"," ","999.9","010000"
"72011354829","2007-06-04","42.54306","-83.17806","218.2","OAKLAND TROY AIRPORT, MI US","  68.8","24","  60.7","24","9999.9"," 0","999.9"," 0","  6.1","24","  3.3","24"," 13.0"," 20.0","  75.2","*","  64.4","*","99.99"," ","999.9","010000"
"72011354829","2007-06-05","42.54306","-83.17806","218.2","OAKLAND TROY AIRPORT, MI US","  58.3","24","  50.6","24","9999.9"," 0","999.9"," 0","  9.5","24","  7.9","24"," 13.0"," 21.0","  69.8","*","  51.8","*","99.99"," ","999.9","010000"
"72011354829","2007-06-06","42.54306","-83.17806","218.2","OAKLAND TROY AIRPORT, MI US","  56.8","24","  40.4","24","9999.9"," 0","999.9"," 0"," 10.0","24","  3.0","24","  9.9"," 15.0","  69.8","*","  44.6","*","99.99"," ","999.9","010000"
"72011354829","2007-06-07","42.54306","-83.17806","218.2","OAKLAND TROY AIRPORT, MI US","  72.7","24","  50.5","24","9999.9"," 0","999.9"," 0"," 10.0","24","  7.7","24"," 21.0"," 29.9","  93.2","*","  59.0","*","99.99"," ","999.9","010000"
"72011354829","2007-06-08","42.54306","-83.17806","218.2","OAKLAND TROY AIRPORT, MI US","  82.8","24","  61.0","24","9999.9"," 0","999.9"," 0"," 10.0","24"," 13.0","24"," 20.0"," 28.9","  89.6","*","  73.4","*","99.99"," ","999.9","010000"
"72011354829","2007-06-09","42.54306","-83.17806","218.2","OAKLAND TROY AIRPORT, MI US","  66.2","24","  45.9","24","9999.9"," 0","999.9"," 0"," 10.0","24","  3.5","24","  8.9"," 18.1","  77.0","*","  53.6","*"," 0.00","I","999.9","000000"
"72011354829","2007-06-10","42.54306","-83.17806","218.2","OAKLAND TROY AIRPORT, MI US","  69.0","24","  46.6","24","9999.9"," 0","999.9"," 0"," 10.0","24","  2.5","24","  9.9"," 15.0","  82.4","*","  57.2","*"," 0.00","I","999.9","000000"
"72011354829","2007-06-11","42.54306","-83.17806","218.2","OAKLAND TROY AIRPORT, MI US","  72.0","24","  49.8","24","9999.9"," 0","999.9"," 0"," 10.0","24","  3.0","24","  9.9","999.9","  82.4","*","  60.8","*"," 0.00","I","999.9","000000"
"72011354829","2007-06-12","42.54306","-83.17806","218.2","OAKLAND TROY AIRPORT, MI US","  74.5","24","  45.7","24","9999.9"," 0","999.9"," 0"," 10.0","24","  6.8","24"," 12.0"," 22.0","  87.8","*","  62.6","*"," 0.00","I","999.9","000000"
"72011354829","2007-06-13","42.54306","-83.17806","218.2","OAKLAND TROY AIRPORT, MI US","  78.6","24","  47.2","24","9999.9"," 0","999.9"," 0"," 10.0","24","  6.5","24"," 11.1"," 18.1","  91.4","*","  66.2","*"," 0.00","I","999.9","000000"
"72011354829","2007-06-14","42.54306","-83.17806","218.2","OAKLAND TROY AIRPORT, MI US","  78.4","24","  50.4","24","9999.9"," 0","999.9"," 0"," 10.0","24","  4.1","24","  8.9"," 14.0","  87.8","*","  66.2","*"," 0.00","I","999.9","000000"
"72011354829","2007-06-15","42.54306","-83.17806","218.2","OAKLAND TROY AIRPORT, MI US","  75.3","24","  51.3","24","9999.9"," 0","999.9"," 0"," 10.0","24","  3.5","24"," 11.1","999.9","  84.2","*","  66.2","*"," 0.00","I","999.9","000000"
"72011354829","2007-06-16","42.54306","-83.17806","218.2","OAKLAND TROY AIRPORT, MI US","  74.9","24","  49.8","24","9999.9"," 0","999.9"," 0"," 10.0","24","  3.1","24","  9.9","999.9","  89.6","*","  62.6","*"," 0.00","I","999.9","000000"
"72011354829","2007-06-17","42.54306","-83.17806","218.2","OAKLAND TROY AIRPORT, MI US","  79.9","24","  57.3","24","9999.9"," 0","999.9"," 0","  9.8","24","  3.8","24","  8.0","999.9","  87.8","*","  71.6","*"," 0.00","I","999.9","000000"
"72011354829","2007-06-18","42.54306","-83.17806","218.2","OAKLAND TROY AIRPORT, MI US","  80.8","24","  57.8","24","9999.9"," 0","999.9"," 0","  9.0","24","  4.8","24"," 13.0"," 22.9","  95.0","*","  69.8","*"," 0.00","I","999.9","000000"
"72011354829","2007-06-19","42.54306","-83.17806","218.2","OAKLAND TROY AIRPORT, MI US","  80.1","24","  59.3","24","9999.9"," 0","999.9"," 0","  9.3","24","  9.7","24"," 15.0"," 22.0","  89.6","*","  71.6","*","99.99"," ","999.9","010000"
"72011354829","2007-06-20","42.54306","-83.17806","218.2","OAKLAND TROY AIRPORT, MI US","  70.8","24","  46.3","24","9999.9"," 0","999.9"," 0"," 10.0","24","  7.1","24"," 15.0"," 26.0","  80.6","*","  60.8","*"," 0.00","I","999.9","000000"
"72011354829","2007-06-21","42.54306","-83.17806","218.2","OAKLAND TROY AIRPORT, MI US","  73.5","24","  50.7","24","9999.9"," 0","999.9"," 0"," 10.0","24","  8.7","24"," 18.1"," 27.0","  82.4","*","  62.6","*","99.99"," ","999.9","010000"
"72011354829","2007-06-22","42.54306","-83.17806","218.2","OAKLAND TROY AIRPORT, MI US","  67.6","24","  42.7","24","9999.9"," 0","999.9"," 0"," 10.0","24","  4.8","24","  9.9"," 18.1","  75.2","*","  57.2","*"," 0.00","I","999.9","000000"
"72011354829","2007-06-23","42.54306","-83.17806","218.2","OAKLAND TROY AIRPORT, MI US","  66.7","24","  42.9","24","9999.9"," 0","999.9"," 0"," 10.0","24","  2.8","24","  9.9","999.9","  80.6","*","  53.6","*"," 0.00","I","999.9","000000"
"72011354829","2007-06-24","42.54306","-83.17806","218.2","OAKLAND TROY AIRPORT, MI US","  71.4","24","  47.3","24","9999.9"," 0","999.9"," 0"," 10.0","24","  3.4","24","  8.9"," 15.0","  82.4","*","  59.0","*"," 0.00","I","999.9","000000"
"72011354829","2007-06-25","42.54306","-83.17806","218.2","OAKLAND TROY AIRPORT, MI US","  77.5","24","  60.7","24","9999.9"," 0","999.9"," 0"," 10.0","24","  2.5","24","  8.0","999.9","  89.6","*","  68.0","*"," 0.00","I","999.9","000000"
"72011354829","2007-06-26","42.54306","-83.17806","218.2","OAKLAND TROY AIRPORT, MI US","  82.9","24","  64.2","24","9999.9"," 0","999.9"," 0","  9.1","24","  4.0","24"," 12.0"," 15.0","  93.2","*","  71.6","*"," 0.00","I","999.9","000000"
"72011354829","2007-06-27","42.54306","-83.17806","218.2","OAKLAND TROY AIRPORT, MI US","  79.7","24","  66.7","24","9999.9"," 0","999.9"," 0","  9.0","24","  6.2","24"," 20.0"," 25.1","  89.6","*","  71.6","*","99.99"," ","999.9","010000"
"72011354829","2007-06-28","42.54306","-83.17806","218.2","OAKLAND TROY AIRPORT, MI US","  72.3","24","  58.8","24","9999.9"," 0","999.9"," 0"," 10.0","24","  5.5","24"," 12.0"," 15.9","  78.8","*","  64.4","*"," 0.00","I","999.9","000000"
"72011354829","2007-06-29","42.54306","-83.17806","218.2","OAKLAND TROY AIRPORT, MI US","  65.0","24","  47.1","24","9999.9"," 0","999.9"," 0"," 10.0","24","  5.5","24"," 11.1"," 15.0","  77.0","*","  55.4","*"," 0.00","I","999.9","000000"
"72011354829","2007-06-30","42.54306","-83.17806","218.2","OAKLAND TROY AIRPORT, MI US","  69.7","24","  45.4","24","9999.9"," 0","999.9"," 0"," 10.0","24","  3.6","24"," 11.1"," 16.9","  78.8","*","  57.2","*"," 0.00","I","999.9","000000"
"72011354829","2007-07-01","42.54306","-83.17806","218.2","OAKLAND TROY AIRPORT, MI US","  65.5","24","  45.4","24","9999.9"," 0","999.9"," 0"," 10.0","24","  7.3","24"," 13.0"," 18.1","  73.4","*","  55.4","*"," 0.00","I","999.9","000000"
"72011354829","2007-07-02","42.54306","-83.17806","218.2","OAKLAND TROY AIRPORT, MI US","  63.0","24","  42.4","24","9999.9"," 0","999.9"," 0","  9.9","24","  4.7","24"," 12.0"," 16.9","  75.2","*","  51.8","*"," 0.00","I","999.9","000000"
"72011354829","2007-07-03","42.54306","-83.17806","218.2","OAKLAND TROY AIRPORT, MI US","  70.9","24","  46.8","24","9999.9"," 0","999.9"," 0"," 10.0","24","  3.1","24","  8.9","999.9","  80.6","*","  64.4","*"," 0.00","I","999.9","000000"
"72011354829","2007-07-04","42.54306","-83.17806","218.2","OAKLAND TROY AIRPORT, MI US","  72.6","24","  57.4","24","9999.9"," 0","999.9"," 0","  9.9","24","  5.3","24"," 15.0"," 20.0","  80.6","*","  64.4","*","99.99"," ","999.9","010000"
"72011354829","2007-07-05","42.54306","-83.17806","218.2","OAKLAND TROY AIRPORT, MI US","  75.7","24","  60.3","24","9999.9"," 0","999.9"," 0","  7.9","24","  3.8","24"," 25.1"," 37.9","  84.2","*","  68.0","*","99.99"," ","999.9","010000"
"72011354829","2007-07-06","42.54306","-83.17806","218.2","OAKLAND TROY AIRPORT, MI US","  73.1","24","  55.7","24","9999.9"," 0","999.9"," 0"," 10.0","24","  4.5","24","  9.9"," 15.0","  84.2","*","  64.4","*"," 0.00","I","999.9","000000"
"72011354829","2007-07-07","42.54306","-83.17806","218.2","OAKLAND TROY AIRPORT, MI US","  77.6","24","  52.4","24","9999.9"," 0","999.9"," 0"," 10.0","24","  4.8","24"," 13.0"," 15.9","  87.8","*","  64.4","*"," 0.00","I","999.9","000000"
"72011354829","2007-07-08","42.54306","-83.17806","218.2","OAKLAND TROY AIRPORT, MI US","  82.9","24","  59.0","24","9999.9"," 0","999.9"," 0"," 10.0","24","  7.6","24"," 15.0"," 22.0","  96.8","*","  73.4","*"," 0.00","I","999.9","000000"
"72011354829","2007-07-09","42.54306","-83.17806","218.2","OAKLAND TROY AIRPORT, MI US","  87.0","24","  61.3","24","9999.9"," 0","999.9"," 0"," 10.0","24","  8.9","24"," 12.0"," 19.0","  95.0","*","  78.8","*"," 0.00","I","999.9","000000"
"72011354829","2007-07-10","42.54306","-83.17806","218.2","OAKLAND TROY AIRPORT, MI US","  81.6","24","  63.0","24","9999.9"," 0","999.9"," 0"," 10.0","24","  6.7","24"," 15.9"," 23.9","  93.2","*","  71.6","*","99.99"," ","999.9","010000"
"72011354829","2007-07-11","42.54306","-83.17806","218.2","OAKLAND TROY AIRPORT, MI US","  76.5","24","  55.8","24","9999.9"," 0","999.9"," 0"," 10.0","24"," 11.0","24"," 18.1"," 23.9","  87.8","*","  69.8","*"," 0.00","I","999.9","000000"
"72011354829","2007-07-12","42.54306","-83.17806","218.2","OAKLAND TROY AIRPORT, MI US","  70.3","24","  46.0","24","9999.9"," 0","999.9"," 0"," 10.0","24","  7.6","24"," 18.1"," 27.0","  80.6","*","  60.8","*"," 0.00","I","999.9","000000"
"72011354829","2007-07-13","42.54306","-83.17806","218.2","OAKLAND TROY AIRPORT, MI US","  67.2","24","  45.0","24","9999.9"," 0","999.9"," 0"," 10.0","24","  7.3","24"," 14.0"," 20.0","  75.2","*","  57.2","*"," 0.00","I","999.9","000000"
"72011354829","2007-07-14","42.54306","-83.17806","218.2","OAKLAND TROY AIRPORT, MI US","  68.9","24","  49.5","24","9999.9"," 0","999.9"," 0"," 10.0","24","  6.3","24"," 15.0"," 24.1","  78.8","*","  59.0","*","99.99"," ","999.9","010000"
"72011354829","2007-07-15","42.54306","-83.17806","218.2","OAKLAND TROY AIRPORT, MI US","  69.8","24","  50.1","24","9999.9"," 0","999.9"," 0"," 10.0","24","  5.5","24"," 11.1"," 17.1","  80.6","*","  57.2","*"," 0.00","I","999.9","000000"
"72011354829","2007-07-16","42.54306","-83.17806","218.2","OAKLAND TROY AIRPORT, MI US","  72.8","24","  49.5","24","9999.9"," 0","999.9"," 0"," 10.0","24","  4.7","24","  9.9"," 15.0","  80.6","*","  62.6","*","99.99"," ","999.9","010000"
"72011354829","2007-07-17","42.54306","-83.17806","218.2","OAKLAND TROY AIRPORT, MI US","  72.4","24","  60.4","24","9999.9"," 0","999.9"," 0","  9.5","24","  2.9","24"," 12.0"," 18.1","  78.8","*","  66.2","*","99.99"," ","999.9","010000"
"72011354829","2007-07-18","42.54306","-83.17806","218.2","OAKLAND TROY AIRPORT, MI US","  75.0","24","  64.3","24","9999.9"," 0","999.9"," 0","  7.9","24","  4.8","24"," 12.0"," 15.9","  87.8","*","  68.0","*"," 0.00","I","999.9","000000"
"72011354829","2007-07-19","42.54306","-83.17806","218.2","OAKLAND TROY AIRPORT, MI US","  76.4","24","  64.5","24","9999.9"," 0","999.9"," 0","  9.4","24","  5.5","24"," 16.9"," 35.0","  84.2","*","  69.8","*","99.99"," ","999.9","010000"
"72011354829","2007-07-20","42.54306","-83.17806","218.2","OAKLAND TROY AIRPORT, MI US","  67.1","24","  48.9","24","9999.9"," 0","999.9"," 0"," 10.0","24","  9.4","24"," 15.0"," 23.9","  73.4","*","  59.0","*"," 0.00","I","999.9","000000"
"72011354829","2007-07-21","42.54306","-83.17806","218.2","OAKLAND TROY AIRPORT, MI US","  67.2","24","  45.4","24","9999.9"," 0","995.4"," 4"," 10.0","24","  5.5","24"," 11.1"," 16.9","  78.8","*","  55.4","*"," 0.00","I","999.9","000000"
"72011354829","2007-07-22","42.54306","-83.17806","218.2","OAKLAND TROY AIRPORT, MI US","  70.7","24","  45.8","24","9999.9"," 0","999.9"," 0"," 10.0","24","  4.0","24","  9.9"," 14.0","  82.4","*","  57.2","*"," 0.00","I","999.9","000000"
"72011354829","2007-07-23","42.54306","-83.17806","218.2","OAKLAND TROY AIRPORT, MI US","  73.3","24","  45.7","24","9999.9"," 0","999.9"," 0"," 10.0","24","  2.9","24","  9.9"," 15.0","  84.2","*","  60.8","*"," 0.00","I","999.9","000000"
"72011354829","2007-07-24","42.54306","-83.17806","218.2","OAKLAND TROY AIRPORT, MI US","  73.6","24","  52.6","24","9999.9"," 0","999.9"," 0"," 10.0","24","  3.6","24","  9.9"," 15.0","  82.4","*","  66.2","*","99.99"," ","999.9","010000"
"72011354829","2007-07-25","42.54306","-83.17806","218.2","OAKLAND TROY AIRPORT, MI US","  71.8","24","  56.4","24","9999.9"," 0","999.9"," 0"," 10.0","24","  3.5","24","  8.0","999.9","  75.2","*","  66.2","*","99.99"," ","999.9","010000"
"72011354829","2007-07-26","42.54306","-83.17806","218.2","OAKLAND TROY AIRPORT, MI US","  71.0","24","  58.9","24","9999.9"," 0","999.9"," 0","  8.5","24","  4.1","24"," 14.0"," 26.0","  80.6","*","  64.4","*"," 0.00","I","999.9","000000"
"72011354829","2007-07-27","42.54306","-83.17806","218.2","OAKLAND TROY AIRPORT, MI US","  72.9","24","  63.6","24","9999.9"," 0","999.9"," 0","  7.6","24","  4.0","24","  8.9","999.9","  86.0","*","  64.4","*","99.99"," ","999.9","010000"
"72011354829","2007-07-28","42.54306","-83.17806","218.2","OAKLAND TROY AIRPORT, MI US","  75.4","24","  62.8","24","9999.9"," 0","999.9"," 0","  7.6","24","  5.5","24"," 11.1"," 15.0","  82.4","*","  66.2","*"," 0.00","I","999.9","000000"
"72011354829","2007-07-29","42.54306","-83.17806","218.2","OAKLAND TROY AIRPORT, MI US","  75.0","24","  58.3","24","9999.9"," 0","999.9"," 0"," 10.0","24","  6.1","24"," 11.1"," 15.9","  86.0","*","  66.2","*"," 0.00","I","999.9","000000"
"72011354829","2007-07-30","42.54306","-83.17806","218.2","OAKLAND TROY AIRPORT, MI US","  77.2","24","  51.8","24","9999.9"," 0","999.9"," 0"," 10.0","24","  4.9","24"," 11.1"," 15.9","  89.6","*","  64.4","*"," 0.00","I","999.9","000000"
"72011354829","2007-07-31","42.54306","-83.17806","218.2","OAKLAND TROY AIRPORT, MI US","  82.2","24","  57.0","24","9999.9"," 0","999.9"," 0"," 10.0","24","  2.0","24","  6.0","999.9","  93.2","*","  71.6","*"," 0.00","I","999.9","000000"
"72011354829","2007-08-01","42.54306","-83.17806","218.2","OAKLAND TROY AIRPORT, MI US","  82.5","24","  61.1","24","9999.9"," 0","999.9"," 0"," 10.0","24","  1.4","24","  7.0"," 15.0","  95.0","*","  71.6","*"," 0.00","I","999.9","000000"
"72011354829","2007-08-02","42.54306","-83.17806","218.2","OAKLAND TROY AIRPORT, MI US","  83.5","24","  61.5","24","9999.9"," 0","999.9"," 0"," 10.0","24","  3.7","24"," 11.1"," 18.1","  93.2","*","  73.4","*"," 0.00","I","999.9","000000"
"72011354829","2007-08-03","42.54306","-83.17806","218.2","OAKLAND TROY AIRPORT, MI US","  83.0","24","  57.1","24","9999.9"," 0","999.9"," 0","  9.8","24","  5.9","24"," 13.0"," 18.1","  89.6","*","  73.4","*"," 0.00","I","999.9","000000"
"72011354829","2007-08-04","42.54306","-83.17806","218.2","OAKLAND TROY AIRPORT, MI US","  75.7","24","  50.8","24","9999.9"," 0","999.9"," 0"," 10.0","24","  5.3","24","  9.9"," 14.0","  87.8","*","  64.4","*"," 0.00","I","999.9","000000"
"72011354829","2007-08-05","42.54306","-83.17806","218.2","OAKLAND TROY AIRPORT, MI US","  68.6","24","  58.5","24","9999.9"," 0","999.9"," 0","  9.1","24","  2.6","24","  7.0","999.9","  78.8","*","  64.4","*","99.99"," ","999.9","010000"
"72011354829","2007-08-06","42.54306","-83.17806","218.2","OAKLAND TROY AIRPORT, MI US","  74.1","24","  67.6","24","9999.9"," 0","999.9"," 0","  4.9","24","  2.9","24","  8.9","999.9","  84.2","*","  69.8","*","99.99"," ","999.9","010000"
"72011354829","2007-08-07","42.54306","-83.17806","218.2","OAKLAND TROY AIRPORT, MI US","  78.0","24","  69.7","24","9999.9"," 0","999.9"," 0","  7.9","24","  3.0","24","  9.9"," 15.0","  87.8","*","  73.4","*","99.99"," ","999.9","010000"
"72011354829","2007-08-08","42.54306","-83.17806","218.2","OAKLAND TROY AIRPORT, MI US","  81.4","24","  67.8","24","9999.9"," 0","999.9"," 0","  9.5","24","  5.7","24"," 11.1"," 15.9","  89.6","*","  73.4","*"," 0.00","I","999.9","000000"
"72011354829","2007-08-09","42.54306","-83.17806","218.2","OAKLAND TROY AIRPORT, MI US","  73.3","24","  63.7","24","9999.9"," 0","999.9"," 0","  9.5","24","  5.1","24"," 12.0","999.9","  78.8","*","  68.0","*","99.99"," ","999.9","010000"
"72011354829","2007-08-10","42.54306","-83.17806","218.2","OAKLAND TROY AIRPORT, MI US","  74.7","24","  64.6","24","9999.9"," 0","999.9"," 0","  7.3","24","  4.4","24"," 11.1","999.9","  82.4","*","  69.8","*","99.99"," ","999.9","010000"
"72011354829","2007-08-11","42.54306","-83.17806","218.2","OAKLAND TROY AIRPORT, MI US","  75.1","24","  55.5","24","9999.9"," 0","999.9"," 0"," 10.0","24","  2.3","24","  7.0","999.9","  86.0","*","  64.4","*"," 0.00","I","999.9","000000"
"72011354829","2007-08-12","42.54306","-83.17806","218.2","OAKLAND TROY AIRPORT, MI US","  76.4","24","  58.9","24","9999.9"," 0","999.9"," 0"," 10.0","24","  3.4","24","  9.9","999.9","  87.8","*","  69.8","*","99.99"," ","999.9","010000"
"72011354829","2007-08-13","42.54306","-83.17806","218.2","OAKLAND TROY AIRPORT, MI US","  74.1","24","  52.1","24","9999.9"," 0","999.9"," 0"," 10.0","24","  6.7","24"," 11.1"," 16.9","  86.0","*","  60.8","*"," 0.00","I","999.9","000000"
"72011354829","2007-08-14","42.54306","-83.17806","218.2","OAKLAND TROY AIRPORT, MI US","  71.2","24","  50.4","24","9999.9"," 0","999.9"," 0"," 10.0","24","  4.5","24"," 13.0"," 19.0","  82.4","*","  60.8","*"," 0.00","I","999.9","000000"
"72011354829","2007-08-15","42.54306","-83.17806","218.2","OAKLAND TROY AIRPORT, MI US","  75.4","24","  60.4","24","9999.9"," 0","999.9"," 0"," 10.0","24","  4.3","24"," 11.1","999.9","  80.6","*","  69.8","*","99.99"," ","999.9","010000"
"72011354829","2007-08-16","42.54306","-83.17806","218.2","OAKLAND TROY AIRPORT, MI US","  76.2","24","  64.5","24","9999.9"," 0","999.9"," 0","  8.4","24","  4.9","24","  9.9"," 15.0","  84.2","*","  69.8","*"," 0.00","I","999.9","000000"
"72011354829","2007-08-17","42.54306","-83.17806","218.2","OAKLAND TROY AIRPORT, MI US","  72.1","24","  48.6","24","9999.9"," 0","999.9"," 0"," 10.0","24","  8.1","24"," 21.0"," 28.9","  80.6","*","  60.8","*"," 0.00","I","999.9","000000"
"72011354829","2007-08-18","42.54306","-83.17806","218.2","OAKLAND TROY AIRPORT, MI US","  63.4","24","  41.8","24","9999.9"," 0","999.9"," 0"," 10.0","24","  5.4","24"," 11.1"," 20.0","  71.6","*","  53.6","*","99.99"," ","999.9","010000"
"72011354829","2007-08-19","42.54306","-83.17806","218.2","OAKLAND TROY AIRPORT, MI US","  59.2","24","  54.0","24","9999.9"," 0","999.9"," 0","  6.5","24","  3.5","24","  8.0","999.9","  66.2","*","  55.4","*","99.99"," ","999.9","010000"
"72011354829","2007-08-20","42.54306","-83.17806","218.2","OAKLAND TROY AIRPORT, MI US","  60.5","24","  57.8","24","9999.9"," 0","999.9"," 0","  4.3","24","  9.4","24"," 15.0"," 22.9","  60.8","*","  59.0","*","99.99"," ","999.9","010000"
"72011354829","2007-08-21","42.54306","-83.17806","218.2","OAKLAND TROY AIRPORT, MI US","  64.8","24","  57.1","24","9999.9"," 0","999.9"," 0","  8.8","24","  5.6","24"," 12.0"," 16.9","  77.0","*","  59.0","*","99.99"," ","999.9","010000"
"72011354829","2007-08-22","42.54306","-83.17806","218.2","OAKLAND TROY AIRPORT, MI US","  74.6","24","  65.7","24","9999.9"," 0","999.9"," 0","  6.3","24","  4.1","24"," 14.0"," 20.0","  87.8","*","  69.8","*","99.99"," ","999.9","010000"
"72011354829","2007-08-23","42.54306","-83.17806","218.2","OAKLAND TROY AIRPORT, MI US","  79.2","24","  68.3","24","9999.9"," 0","999.9"," 0","  9.1","24","  6.0","24"," 12.0"," 20.0","  87.8","*","  69.8","*","99.99"," ","999.9","010000"
"72011354829","2007-08-24","42.54306","-83.17806","218.2","OAKLAND TROY AIRPORT, MI US","  75.9","24","  66.7","24","9999.9"," 0","999.9"," 0","  9.5","24","  7.1","24"," 25.1"," 32.1","  86.0","*","  69.8","*","99.99"," ","999.9","010000"
"72011354829","2007-08-25","42.54306","-83.17806","218.2","OAKLAND TROY AIRPORT, MI US","  72.6","24","  67.1","24","9999.9"," 0","999.9"," 0","  7.1","24","  5.6","24"," 13.0"," 18.1","  77.0","*","  69.8","*","99.99"," ","999.9","010000"
"72011354829","2007-08-26","42.54306","-83.17806","218.2","OAKLAND TROY AIRPORT, MI US","  69.8","24","  53.4","24","9999.9"," 0","999.9"," 0"," 10.0","24","  3.6","24","  7.0","999.9","  77.0","*","  60.8","*"," 0.00","I","999.9","000000"
"72011354829","2007-08-27","42.54306","-83.17806","218.2","OAKLAND TROY AIRPORT, MI US","  69.3","24","  56.4","24","9999.9"," 0","999.9"," 0","  8.9","24","  2.1","24","  8.0","999.9","  80.6","*","  60.8","*"," 0.00","I","999.9","000000"
"72011354829","2007-08-28","42.54306","-83.17806","218.2","OAKLAND TROY AIRPORT, MI US","  73.0","24","  59.7","24","9999.9"," 0","993.2","19","  9.8","24","  3.8","24","  9.9"," 15.9","  87.8","*","  62.6","*"," 0.00","I","999.9","000000"
"72011354829","2007-08-29","42.54306","-83.17806","218.2","OAKLAND TROY AIRPORT, MI US","  79.2","24","  64.0","24","9999.9"," 0","999.9"," 0","  7.8","24","  4.9","24"," 27.0"," 33.0","  91.4","*","  69.8","*","99.99"," ","999.9","010000"
"72011354829","2007-08-30","42.54306","-83.17806","218.2","OAKLAND TROY AIRPORT, MI US","  69.7","24","  57.3","24","9999.9"," 0","999.9"," 0","  9.6","24","  7.2","24"," 13.0"," 19.0","  73.4","*","  64.4","*","99.99"," ","999.9","010000"
"72011354829","2007-08-31","42.54306","-83.17806","218.2","OAKLAND TROY AIRPORT, MI US","  66.4","24","  46.9","24","9999.9"," 0","999.9"," 0"," 10.0","24","  5.8","24","  9.9"," 15.9","  77.0","*","  57.2","*"," 0.00","I","999.9","000000"
"72011354829","2007-09-01","42.54306","-83.17806","218.2","OAKLAND TROY AIRPORT, MI US","  68.6","24","  50.3","24","9999.9"," 0","999.9"," 0"," 10.0","24","  2.0","24","  8.0","999.9","  80.6","*","  59.0","*"," 0.00","I","999.9","000000"
"72011354829","2007-09-02","42.54306","-83.17806","218.2","OAKLAND TROY AIRPORT, MI US","  70.0","24","  53.2","24","9999.9"," 0","999.9"," 0"," 10.0","24","  2.1","24","  8.9","999.9","  80.6","*","  60.8","*"," 0.00","I","999.9","000000"
"72011354829","2007-09-03","42.54306","-83.17806","218.2","OAKLAND TROY AIRPORT, MI US","  71.7","24","  55.3","24","9999.9"," 0","999.9"," 0"," 10.0","24","  5.2","24","  9.9"," 15.0","  86.0","*","  60.8","*"," 0.00","I","999.9","000000"
"72011354829","2007-09-04","42.54306","-83.17806","218.2","OAKLAND TROY AIRPORT, MI US","  73.3","24","  56.8","24","9999.9"," 0","999.9"," 0","  9.7","24","  3.1","24","  7.0","999.9","  82.4","*","  62.6","*"," 0.00","I","999.9","000000"
"72011354829","2007-09-05","42.54306","-83.17806","218.2","OAKLAND TROY AIRPORT, MI US","  77.6","24","  62.2","24","9999.9"," 0","999.9"," 0","  6.8","24","  2.9","24","  7.0","999.9","  89.6","*","  69.8","*"," 0.00","I","999.9","100000"
"72011354829","2007-09-06","42.54306","-83.17806","218.2","OAKLAND TROY AIRPORT, MI US","  76.7","24","  61.8","24","9999.9"," 0","999.9"," 0","  8.8","24","  3.7","24"," 11.1"," 14.0","  84.2","*","  68.0","*","99.99"," ","999.9","010000"
"72011354829","2007-09-07","42.54306","-83.17806","218.2","OAKLAND TROY AIRPORT, MI US","  78.0","24","  63.9","24","9999.9"," 0","999.9"," 0","  6.5","24"," 10.2","24"," 19.0"," 27.0","  80.6","*","  73.4","*","99.99"," ","999.9","010000"
"72011354829","2007-09-08","42.54306","-83.17806","218.2","OAKLAND TROY AIRPORT, MI US","  73.0","24","  60.6","24","9999.9"," 0","999.9"," 0","  9.4","24","  5.3","24"," 14.0"," 15.9","  80.6","*","  64.4","*"," 0.00","I","999.9","000000"
"72011354829","2007-09-09","42.54306","-83.17806","218.2","OAKLAND TROY AIRPORT, MI US","  69.0","24","  59.4","24","9999.9"," 0","999.9"," 0","  8.7","24","  5.2","24","  9.9"," 15.9","  77.0","*","  64.4","*","99.99"," ","999.9","010000"
"72011354829","2007-09-10","42.54306","-83.17806","218.2","OAKLAND TROY AIRPORT, MI US","  66.9","24","  59.1","24","9999.9"," 0","999.9"," 0","  9.6","24","  2.9","24","  7.0","999.9","  71.6","*","  62.6","*"," 0.00","I","999.9","000000"
"72011354829","2007-09-11","42.54306","-83.17806","218.2","OAKLAND TROY AIRPORT, MI US","  62.4","24","  52.3","24","9999.9"," 0","999.9"," 0","  9.6","24","  7.4","24"," 18.1"," 26.0","  69.8","*","  55.4","*","99.99"," ","999.9","010000"
"72011354829","2007-09-12","42.54306","-83.17806","218.2","OAKLAND TROY AIRPORT, MI US","  57.8","24","  42.6","24","9999.9"," 0","999.9"," 0"," 10.0","24","  6.6","24"," 12.0"," 22.0","  62.6","*","  51.8","*"," 0.00","I","999.9","000000"
"72011354829","2007-09-13","42.54306","-83.17806","218.2","OAKLAND TROY AIRPORT, MI US","  58.6","24","  45.4","24","9999.9"," 0","999.9"," 0"," 10.0","24","  2.7","24","  9.9"," 14.0","  71.6","*","  46.4","*"," 0.00","I","999.9","000000"
"72011354829","2007-09-14","42.54306","-83.17806","218.2","OAKLAND TROY AIRPORT, MI US","  62.6","24","  50.1","24","9999.9"," 0","999.9"," 0","  9.8","24","  6.7","24"," 15.9"," 24.1","  71.6","*","  57.2","*"," 0.00","I","999.9","000000"
"72011354829","2007-09-15","42.54306","-83.17806","218.2","OAKLAND TROY AIRPORT, MI US","  51.2","24","  35.7","24","9999.9"," 0","999.9"," 0"," 10.0","24","  7.9","24"," 15.9"," 23.9","  59.0","*","  44.6","*"," 0.00","I","999.9","000000"
"72011354829","2007-09-16","42.54306","-83.17806","218.2","OAKLAND TROY AIRPORT, MI US","  52.9","24","  36.3","24","9999.9"," 0","999.9"," 0"," 10.0","24","  2.4","24","  8.0","999.9","  64.4","*","  42.8","*"," 0.00","I","999.9","000000"
"72011354829","2007-09-17","42.54306","-83.17806","218.2","OAKLAND TROY AIRPORT, MI US","  58.3","24","  41.0","24","9999.9"," 0","999.9"," 0"," 10.0","24","  3.6","24"," 11.1"," 14.0","  69.8","*","  46.4","*"," 0.00","I","999.9","000000"
"72011354829","2007-09-18","42.54306","-83.17806","218.2","OAKLAND TROY AIRPORT, MI US","  65.0","24","  46.6","24","9999.9"," 0","999.9"," 0","  9.6","24","  2.9","24"," 11.1"," 15.9","  80.6","*","  53.6","*"," 0.00","I","999.9","000000"
"72011354829","2007-09-19","42.54306","-83.17806","218.2","OAKLAND TROY AIRPORT, MI US","  70.0","24","  54.3","24","9999.9"," 0","999.9"," 0","  9.7","24","  3.7","24"," 11.1"," 15.9","  86.0","*","  59.0","*"," 0.00","I","999.9","000000"
"72011354829","2007-09-20","42.54306","-83.17806","218.2","OAKLAND TROY AIRPORT, MI US","  71.0","24","  56.2","24","9999.9"," 0","999.9"," 0"," 10.0","24","  4.8","24","  8.9","999.9","  78.8","*","  60.8","*"," 0.00","I","999.9","000000"
"72011354829","2007-09-21","42.54306","-83.17806","218.2","OAKLAND TROY AIRPORT, MI US","  70.1","24","  56.3","24","9999.9"," 0","999.9"," 0","  8.3","24","  4.5","24"," 12.0"," 16.9","  86.0","*","  59.0","*"," 0.00","I","999.9","000000"
"72011354829","2007-09-22","42.54306","-83.17806","218.2","OAKLAND TROY AIRPORT, MI US","  71.4","24","  50.2","24","9999.9"," 0","999.9"," 0","  9.6","24","  6.8","24"," 12.0"," 15.9","  77.0","*","  64.4","*","99.99"," ","999.9","010000"
"72011354829","2007-09-23","42.54306","-83.17806","218.2","OAKLAND TROY AIRPORT, MI US","  65.2","24","  42.0","24","9999.9"," 0","999.9"," 0"," 10.0","24","  3.4","24","  9.9","999.9","  77.0","*","  53.6","*"," 0.00","I","999.9","000000"
"72011354829","2007-09-24","42.54306","-83.17806","218.2","OAKLAND TROY AIRPORT, MI US","  67.5","24","  48.7","24","9999.9"," 0","999.9"," 0"," 10.0","24","  2.8","24","  8.9","999.9","  87.8","*","  53.6","*"," 0.00","I","999.9","000000"
"72011354829","2007-09-25","42.54306","-83.17806","218.2","OAKLAND TROY AIRPORT, MI US","  76.5","24","  62.2","24","9999.9"," 0","999.9"," 0","  9.5","24","  6.2","24"," 13.0"," 19.0","  86.0","*","  69.8","*","99.99"," ","999.9","010000"
"72011354829","2007-09-26","42.54306","-83.17806","218.2","OAKLAND TROY AIRPORT, MI US","  69.5","24","  62.8","24","9999.9"," 0","999.9"," 0","  9.4","24","  4.6","24","  8.9"," 18.1","  80.6","*","  64.4","*","99.99"," ","999.9","010000"
"72011354829","2007-09-27","42.54306","-83.17806","218.2","OAKLAND TROY AIRPORT, MI US","  63.1","24","  52.1","24","9999.9"," 0","999.9"," 0","  9.0","24","  3.7","24","  8.0","999.9","  71.6","*","  59.0","*"," 0.00","I","999.9","000000"
"72011354829","2007-09-28","42.54306","-83.17806","218.2","OAKLAND TROY AIRPORT, MI US","  62.7","24","  46.6","24","9999.9"," 0","999.9"," 0"," 10.0","24","  6.3","24"," 15.0"," 20.0","  69.8","*","  53.6","*"," 0.00","I","999.9","000000"
"72011354829","2007-09-29","42.54306","-83.17806","218.2","OAKLAND TROY AIRPORT, MI US","  61.1","24","  46.4","24","9999.9"," 0","999.9"," 0"," 10.0","24","  2.9","24","  8.0","999.9","  73.4","*","  50.0","*"," 0.00","I","999.9","000000"
"72011354829","2007-09-30","42.54306","-83.17806","218.2","OAKLAND TROY AIRPORT, MI US","  64.0","24","  47.8","24","9999.9"," 0","999.9"," 0"," 10.0","24","  3.3","24","  9.9","999.9","  77.0","*","  55.4","*"," 0.00","I","999.9","000000"
"72011354829","2007-10-01","42.54306","-83.17806","218.2","OAKLAND TROY AIRPORT, MI US","  63.7","24","  52.1","24","9999.9"," 0","999.9"," 0","  8.5","24","  4.8","24","  9.9"," 16.9","  68.0","*","  59.0","*","99.99"," ","999.9","010000"
"72011354829","2007-10-02","42.54306","-83.17806","218.2","OAKLAND TROY AIRPORT, MI US","  63.1","24","  56.8","24","9999.9"," 0","999.9"," 0","  6.1","24","  3.6","24","  8.0","999.9","  71.6","*","  59.0","*","99.99"," ","999.9","010000"
"72011354829","2007-10-03","42.54306","-83.17806","218.2","OAKLAND TROY AIRPORT, MI US","  69.3","24","  54.7","24","9999.9"," 0","999.9"," 0","  8.9","24","  6.8","24"," 14.0"," 19.0","  77.0","*","  64.4","*","99.99"," ","999.9","010000"
"72011354829","2007-10-04","42.54306","-83.17806","218.2","OAKLAND TROY AIRPORT, MI US","  64.2","24","  48.3","24","9999.9"," 0","999.9"," 0"," 10.0","24","  2.4","24","  8.9","999.9","  80.6","*","  51.8","*"," 0.00","I","999.9","000000"
"72011354829","2007-10-05","42.54306","-83.17806","218.2","OAKLAND TROY AIRPORT, MI US","  75.6","19","  60.0","19","9999.9"," 0","999.9"," 0","  8.2","19","  2.3","19","  9.9"," 14.0","  86.0","*","  64.4","*"," 0.00","I","999.9","000000"
"72011354829","2007-10-06","42.54306","-83.17806","218.2","OAKLAND TROY AIRPORT, MI US","  76.5","24","  63.7","24","9999.9"," 0","999.9"," 0","  9.0","24","  3.1","24","  8.0","999.9","  87.8","*","  68.0","*"," 0.00","I","999.9","000000"
"72011354829","2007-10-07","42.54306","-83.17806","218.2","OAKLAND TROY AIRPORT, MI US","  78.1","24","  65.3","24","9999.9"," 0","999.9"," 0","  8.9","24","  2.4","24","  8.0","999.9","  87.8","*","  69.8","*"," 0.00","I","999.9","000000"
"72011354829","2007-10-08","42.54306","-83.17806","218.2","OAKLAND TROY AIRPORT, MI US","  78.5","24","  63.1","24","9999.9"," 0","999.9"," 0","  9.0","24","  4.1","24"," 12.0"," 17.1","  87.8","*","  69.8","*"," 0.00","I","999.9","000000"
"72011354829","2007-10-09","42.54306","-83.17806","218.2","OAKLAND TROY AIRPORT, MI US","  69.9","24","  52.2","24","9999.9"," 0","999.9"," 0"," 10.0","24","  7.7","24"," 15.0"," 19.0","  80.6","*","  59.0","*","99.99"," ","999.9","010000"
"72011354829","2007-10-10","42.54306","-83.17806","218.2","OAKLAND TROY AIRPORT, MI US","  54.9","24","  38.4","24","9999.9"," 0","999.9"," 0"," 10.0","24","  8.9","24"," 15.0"," 20.0","  68.0","*","  46.4","*","99.99"," ","999.9","010000"
"72011354829","2007-10-11","42.54306","-83.17806","218.2","OAKLAND TROY AIRPORT, MI US","  50.5","24","  44.4","24","9999.9"," 0","999.9"," 0","  8.4","24","  5.7","24"," 15.0"," 24.1","  59.0","*","  46.4","*","99.99"," ","999.9","010000"
"72011354829","2007-10-12","42.54306","-83.17806","218.2","OAKLAND TROY AIRPORT, MI US","  47.7","24","  35.4","24","9999.9"," 0","999.9"," 0"," 10.0","24","  6.8","24"," 11.1"," 20.0","  53.6","*","  41.0","*"," 0.00","I","999.9","000000"
"72011354829","2007-10-13","42.54306","-83.17806","218.2","OAKLAND TROY AIRPORT, MI US","  44.8","19","  34.7","19","9999.9"," 0","999.9"," 0"," 10.0","19","  4.8","19"," 15.0"," 21.0","  55.4","*","  37.4","*"," 0.00","I","999.9","000000"
"72011354829","2007-10-14","42.54306","-83.17806","218.2","OAKLAND TROY AIRPORT, MI US","  55.6","11","  38.9","11","9999.9"," 0","999.9"," 0","  9.5","11","  1.9","11","  7.0","999.9","  60.8","*","  50.0","*","99.99"," ","999.9","010000"
"72011354829","2007-10-15","42.54306","-83.17806","218.2","OAKLAND TROY AIRPORT, MI US","  57.5","24","  49.0","24","9999.9"," 0","999.9"," 0","  8.0","24","  3.2","24","  8.9"," 15.0","  69.8","*","  51.8","*","99.99"," ","999.9","010000"
"72011354829","2007-10-16","42.54306","-83.17806","218.2","OAKLAND TROY AIRPORT, MI US","  60.1","24","  53.9","24","9999.9"," 0","999.9"," 0","  8.2","24","  5.6","24","  9.9"," 14.0","  62.6","*","  57.2","*","99.99"," ","999.9","010000"
"72011354829","2007-10-17","42.54306","-83.17806","218.2","OAKLAND TROY AIRPORT, MI US","  63.7","24","  56.1","24","9999.9"," 0","999.9"," 0","  4.9","24","  3.5","24","  8.9","999.9","  71.6","*","  60.8","*"," 0.00","I","999.9","000000"
"72011354829","2007-10-18","42.54306","-83.17806","218.2","OAKLAND TROY AIRPORT, MI US","  65.5","24","  58.8","24","9999.9"," 0","999.9"," 0","  6.8","24","  6.0","24"," 16.9"," 25.1","  75.2","*","  60.8","*","99.99"," ","999.9","010000"
"72011354829","2007-10-19","42.54306","-83.17806","218.2","OAKLAND TROY AIRPORT, MI US","  66.7","24","  54.1","24","9999.9"," 0","999.9"," 0"," 10.0","24"," 11.6","24"," 21.0"," 32.1","  71.6","*","  59.0","*","99.99"," ","999.9","010000"
"72011354829","2007-10-20","42.54306","-83.17806","218.2","OAKLAND TROY AIRPORT, MI US","  59.5","24","  42.2","24","9999.9"," 0","999.9"," 0"," 10.0","24"," 10.8","24"," 18.1"," 26.0","  68.0","*","  53.6","*","99.99"," ","999.9","010000"
"72011354829","2007-10-21","42.54306","-83.17806","218.2","OAKLAND TROY AIRPORT, MI US","  64.6","24","  39.3","24","9999.9"," 0","999.9"," 0"," 10.0","24","  9.2","24"," 16.9"," 26.0","  80.6","*","  55.4","*"," 0.00","I","999.9","000000"
"72011354829","2007-10-22","42.54306","-83.17806","218.2","OAKLAND TROY AIRPORT, MI US","  65.5","24","  43.0","24","9999.9"," 0","999.9"," 0"," 10.0","24","  7.0","24"," 14.0"," 18.1","  73.4","*","  53.6","*"," 0.00","I","999.9","000000"
"72011354829","2007-10-23","42.54306","-83.17806","218.2","OAKLAND TROY AIRPORT, MI US","  53.1","24","  45.4","24","9999.9"," 0","999.9"," 0","  9.1","24","  6.0","24"," 13.0"," 22.0","  69.8","*","  46.4","*","99.99"," ","999.9","010000"
"72011354829","2007-10-24","42.54306","-83.17806","218.2","OAKLAND TROY AIRPORT, MI US","  48.0","24","  39.0","24","9999.9"," 0","999.9"," 0"," 10.0","24","  5.8","24"," 13.0"," 18.1","  53.6","*","  44.6","*"," 0.00","I","999.9","000000"
"72011354829","2007-10-25","42.54306","-83.17806","218.2","OAKLAND TROY AIRPORT, MI US","  47.2","24","  37.1","24","9999.9"," 0","999.9"," 0"," 10.0","24","  8.0","24"," 13.0"," 20.0","  59.0","*","  41.0","*"," 0.00","I","999.9","000000"
"72011354829","2007-10-26","42.54306","-83.17806","218.2","OAKLAND TROY AIRPORT, MI US","  52.1","24","  47.3","24","9999.9"," 0","999.9"," 0","  7.6","24","  4.7","24","  8.0","999.9","  59.0","*","  46.4","*","99.99"," ","999.9","010000"
"72011354829","2007-10-27","42.54306","-83.17806","218.2","OAKLAND TROY AIRPORT, MI US","  55.0","24","  50.8","24","9999.9"," 0","999.9"," 0","  6.0","24","  7.3","24"," 19.0"," 25.1","  59.0","*","  46.4","*","99.99"," ","999.9","010000"
"72011354829","2007-10-28","42.54306","-83.17806","218.2","OAKLAND TROY AIRPORT, MI US","  43.8","24","  31.7","24","9999.9"," 0","999.9"," 0"," 10.0","24","  6.5","24"," 12.0"," 16.9","  51.8","*","  35.6","*"," 0.00","I","999.9","000000"
"72011354829","2007-10-29","42.54306","-83.17806","218.2","OAKLAND TROY AIRPORT, MI US","  44.8","24","  30.8","24","9999.9"," 0","999.9"," 0"," 10.0","24","  5.5","24"," 15.0"," 21.0","  59.0","*","  35.6","*"," 0.00","I","999.9","000000"
"72011354829","2007-10-30","42.54306","-83.17806","218.2","OAKLAND TROY AIRPORT, MI US","  53.1","17","  32.7","17","9999.9"," 0","999.9"," 0","  9.8","17","  6.3","17"," 12.0"," 17.1","  62.6","*","  39.2","*"," 0.00","I","999.9","000000"
"72011354829","2007-10-31","42.54306","-83.17806","218.2","OAKLAND TROY AIRPORT, MI US","  54.0","24","  36.9","24","9999.9"," 0","999.9"," 0"," 10.0","24","  9.1","24"," 19.0"," 26.0","  64.4","*","  44.6","*"," 0.00","I","999.9","000000"
"72011354829","2007-11-01","42.54306","-83.17806","218.2","OAKLAND TROY AIRPORT, MI US","  47.1","24","  33.3","24","9999.9"," 0","999.9"," 0","  9.8","24","  7.2","24"," 15.0"," 28.0","  60.8","*","  37.4","*","99.99"," ","999.9","010000"
"72011354829","2007-11-02","42.54306","-83.17806","218.2","OAKLAND TROY AIRPORT, MI US","  41.8","24","  31.4","24","9999.9"," 0","999.9"," 0"," 10.0","24","  2.1","24","  8.9"," 14.0","  53.6","*","  32.0","*"," 0.00","I","999.9","000000"
"72011354829","2007-11-03","42.54306","-83.17806","218.2","OAKLAND TROY AIRPORT, MI US","  45.4","24","  32.4","24","9999.9"," 0","999.9"," 0","  9.8","24","  3.5","24"," 12.0"," 15.9","  55.4","*","  35.6","*"," 0.00","I","999.9","000000"
"72011354829","2007-11-04","42.54306","-83.17806","218.2","OAKLAND TROY AIRPORT, MI US","  42.9","24","  29.6","24","9999.9"," 0","999.9"," 0"," 10.0","24","  3.8","24","  8.9","999.9","  50.0","*","  35.6","*"," 0.00","I","999.9","000000"
"72011354829","2007-11-05","42.54306","-83.17806","218.2","OAKLAND TROY AIRPORT, MI US","  46.1","24","  34.5","24","9999.9"," 0","999.9"," 0","  9.8","24","  5.3","24"," 16.9"," 31.1","  55.4","*","  41.0","*","99.99"," ","999.9","010000"
"72011354829","2007-11-06","42.54306","-83.17806","218.2","OAKLAND TROY AIRPORT, MI US","  39.6","24","  31.4","24","9999.9"," 0","999.9"," 0","  9.8","24"," 12.6","24"," 20.0"," 32.1","  44.6","*","  35.6","*","99.99"," ","999.9","010000"
"72011354829","2007-11-07","42.54306","-83.17806","218.2","OAKLAND TROY AIRPORT, MI US","  37.0","24","  25.2","24","9999.9"," 0","999.9"," 0"," 10.0","23","  8.7","24"," 16.9"," 26.0","  41.0","*","  33.8","*"," 0.00","I","999.9","000000"
"72011354829","2007-11-08","42.54306","-83.17806","218.2","OAKLAND TROY AIRPORT, MI US","  42.3"," 7","  29.9"," 7","9999.9"," 0","999.9"," 0"," 10.0"," 7","  4.4"," 7","  8.0","999.9","  42.8","*","  41.0","*","99.99"," ","999.9","010000"
"72011354829","2007-11-09","42.54306","-83.17806","218.2","OAKLAND TROY AIRPORT, MI US","  43.2","24","  33.1","24","9999.9"," 0","999.9"," 0","  8.9","24","  2.2","24","  9.9"," 14.0","  46.4","*","  41.0","*","99.99"," ","999.9","010000"
"72011354829","2007-11-10","42.54306","-83.17806","218.2","OAKLAND TROY AIRPORT, MI US","  41.8","24","  34.0","24","9999.9"," 0","999.9"," 0","  7.8","24","  3.2","24","  8.0","999.9","  46.4","*","  37.4","*","99.99"," ","999.9","010000"
"72011354829","2007-11-11","42.54306","-83.17806","218.2","OAKLAND TROY AIRPORT, MI US","  42.7","24","  33.7","24","9999.9"," 0","999.9"," 0","  9.2","24","  5.7","24"," 12.0"," 18.1","  44.6","*","  41.0","*"," 0.00","I","999.9","000000"
"72011354829","2007-11-12","42.54306","-83.17806","218.2","OAKLAND TROY AIRPORT, MI US","  49.2","24","  44.1","24","9999.9"," 0","999.9"," 0","  4.3","24","  5.7","24","  9.9"," 15.0","  59.0","*","  42.8","*","99.99"," ","999.9","010000"
"72011354829","2007-11-13","42.54306","-83.17806","218.2","OAKLAND TROY AIRPORT, MI US","  49.9","24","  39.6","24","9999.9"," 0","999.9"," 0","  8.5","24","  4.5","24"," 11.1"," 15.0","  59.0","*","  35.6","*"," 0.00","I","999.9","000000"
"72011354829","2007-11-14","42.54306","-83.17806","218.2","OAKLAND TROY AIRPORT, MI US","  53.8","24","  40.1","24","9999.9"," 0","999.9"," 0","  6.8","24","  9.3","24"," 16.9"," 27.0","  60.8","*","  46.4","*","99.99"," ","999.9","010000"
"72011354829","2007-11-15","42.54306","-83.17806","218.2","OAKLAND TROY AIRPORT, MI US","  44.0","24","  27.7","24","9999.9"," 0","999.9"," 0"," 10.0","24"," 10.6","24"," 18.1"," 28.0","  53.6","*","  37.4","*","99.99"," ","999.9","010000"
"72011354829","2007-11-16","42.54306","-83.17806","218.2","OAKLAND TROY AIRPORT, MI US","  35.7","24","  21.3","24","9999.9"," 0","999.9"," 0"," 10.0","24","  9.3","24"," 15.9"," 25.1","  39.2","*","  32.0","*"," 0.00","I","999.9","000000"
"72011354829","2007-11-17","42.54306","-83.17806","218.2","OAKLAND TROY AIRPORT, MI US","  36.4","24","  27.4","24","9999.9"," 0","999.9"," 0","  8.9","24","  1.4","24","  6.0","999.9","  39.2","*","  33.8","*","99.99"," ","999.9","010000"
"72011354829","2007-11-18","42.54306","-83.17806","218.2","OAKLAND TROY AIRPORT, MI US","  37.2","24","  24.4","24","9999.9"," 0","999.9"," 0","  9.9","24","  7.4","24"," 11.1"," 18.1","  42.8","*","  33.8","*"," 0.00","I","999.9","000000"
"72011354829","2007-11-19","42.54306","-83.17806","218.2","OAKLAND TROY AIRPORT, MI US","  37.5","23","  29.9","23","9999.9"," 0","999.9"," 0","  9.5","23","  4.7","23"," 12.0"," 17.1","  44.6","*","  30.2","*"," 0.00","I","999.9","000000"
"72011354829","2007-11-20","42.54306","-83.17806","218.2","OAKLAND TROY AIRPORT, MI US","  50.9","24","  44.9","24","9999.9"," 0","999.9"," 0","  4.3","24","  5.6","24"," 11.1"," 14.0","  55.4","*","  46.4","*","99.99"," ","999.9","010000"
"72011354829","2007-11-21","42.54306","-83.17806","218.2","OAKLAND TROY AIRPORT, MI US","  46.8","24","  43.7","24","9999.9"," 0","999.9"," 0","  4.1","24","  6.8","24"," 16.9"," 22.9","  53.6","*","  41.0","*","99.99"," ","999.9","110000"
"72011354829","2007-11-22","42.54306","-83.17806","218.2","OAKLAND TROY AIRPORT, MI US","  35.2","24","  32.1","24","9999.9"," 0","999.9"," 0","  6.9","24"," 11.0","24"," 15.9"," 22.0","  41.0","*","  32.0","*","99.99"," ","999.9","011000"
"72011354829","2007-11-23","42.54306","-83.17806","218.2","OAKLAND TROY AIRPORT, MI US","  28.5","24","  16.9","24","9999.9"," 0","999.9"," 0"," 10.0","24","  4.6","24","  9.9","999.9","  32.0","*","  23.0","*","99.99"," ","999.9","001000"
"72011354829","2007-11-24","42.54306","-83.17806","218.2","OAKLAND TROY AIRPORT, MI US","  30.7","24","  21.0","24","9999.9"," 0","999.9"," 0"," 10.0","24","  5.9","24"," 14.0"," 21.0","  35.6","*","  26.6","*"," 0.00","I","999.9","000000"
"72011354829","2007-11-25","42.54306","-83.17806","218.2","OAKLAND TROY AIRPORT, MI US","  32.9","24","  25.0","24","9999.9"," 0","999.9"," 0","  9.3","24","  7.8","24"," 12.0"," 18.1","  41.0","*","  26.6","*"," 0.00","I","999.9","000000"
"72011354829","2007-11-26","42.54306","-83.17806","218.2","OAKLAND TROY AIRPORT, MI US","  34.0","24","  32.0","24","9999.9"," 0","999.9"," 0","  3.5","24","  3.3","24","  8.9","999.9","  35.6","*","  32.0","*","99.99"," ","999.9","011000"
"72011354829","2007-11-27","42.54306","-83.17806","218.2","OAKLAND TROY AIRPORT, MI US","  33.7","16","  25.6","16","9999.9"," 0","999.9"," 0","  7.1","16","  8.7","16"," 20.0"," 32.1","  35.6","*","  30.2","*","99.99"," ","999.9","011000"
"72011354829","2007-11-28","42.54306","-83.17806","218.2","OAKLAND TROY AIRPORT, MI US","  28.2","24","  17.1","24","9999.9"," 0","999.9"," 0"," 10.0","24","  5.1","24"," 14.0"," 22.9","  39.2","*","  21.2","*"," 0.00","I","999.9","000000"
"72011354829","2007-11-29","42.54306","-83.17806","218.2","OAKLAND TROY AIRPORT, MI US","  36.4","24","  23.7","24","9999.9"," 0","999.9"," 0"," 10.0","24"," 12.8","24"," 22.9"," 36.9","  42.8","*","  28.4","*","99.99"," ","999.9","010000"
"72011354829","2007-11-30","42.54306","-83.17806","218.2","OAKLAND TROY AIRPORT, MI US","  30.8","24","  17.1","24","9999.9"," 0","999.9"," 0"," 10.0","24","  9.9","24"," 21.0"," 33.0","  37.4","*","  26.6","*"," 0.00","I","999.9","000000"
"72011354829","2007-12-01","42.54306","-83.17806","218.2","OAKLAND TROY AIRPORT, MI US","  23.1","24","   8.8","24","9999.9"," 0","999.9"," 0"," 10.0","24","  4.9","24"," 15.0"," 19.0","  28.4","*","  19.4","*","99.99"," ","999.9","001000"
"72011354829","2007-12-02","42.54306","-83.17806","218.2","OAKLAND TROY AIRPORT, MI US","  33.1","24","  31.5","24","9999.9"," 0","999.9"," 0","  2.7","24","  3.1","24"," 14.0"," 20.0","  44.6","*","  26.6","*","99.99"," ","999.9","111000"
"72011354829","2007-12-03","42.54306","-83.17806","218.2","OAKLAND TROY AIRPORT, MI US","  36.3","21","  29.8","21","9999.9"," 0","999.9"," 0","  7.3","21"," 16.7","21"," 28.0"," 38.1","  48.2","*","  32.0","*","99.99"," ","999.9","111000"
"72011354829","2007-12-04","42.54306","-83.17806","218.2","OAKLAND TROY AIRPORT, MI US","  27.3","23","  14.9","23","9999.9"," 0","999.9"," 0"," 10.0","23","  9.3","23"," 15.0"," 23.9","  30.2","*","  26.6","*","99.99"," ","999.9","001000"
"72011354829","2007-12-05","42.54306","-83.17806","218.2","OAKLAND TROY AIRPORT, MI US","  25.9","24","  17.4","24","9999.9"," 0","999.9"," 0","  6.2","24","  5.5","24"," 12.0"," 15.9","  28.4","*","  23.0","*","99.99"," ","999.9","001000"
"72011354829","2007-12-06","42.54306","-83.17806","218.2","OAKLAND TROY AIRPORT, MI US","  21.1","24","  12.2","24","9999.9"," 0","999.9"," 0"," 10.0","24","  5.4","24"," 12.0"," 16.9","  30.2","*","  14.0","*"," 0.00","I","999.9","000000"
"72011354829","2007-12-07","42.54306","-83.17806","218.2","OAKLAND TROY AIRPORT, MI US","  27.7","24","  20.6","24","9999.9"," 0","999.9"," 0","  9.1","24","  6.2","24"," 11.1","999.9","  32.0","*","  23.0","*","99.99"," ","999.9","001000"
"72011354829","2007-12-08","42.54306","-83.17806","218.2","OAKLAND TROY AIRPORT, MI US","  30.7","24","  21.0","24","9999.9"," 0","999.9"," 0"," 10.0","24","  5.9","24"," 14.0"," 15.0","  32.0","*","  26.6","*"," 0.00","I","999.9","000000"
"72011354829","2007-12-09","42.54306","-83.17806","218.2","OAKLAND TROY AIRPORT, MI US","  28.6","24","  18.7","24","9999.9"," 0","999.9"," 0","  9.3","24","  3.7","24","  8.0","999.9","  30.2","*","  26.6","*","99.99"," ","999.9","001000"
"72011354829","2007-12-10","42.54306","-83.17806","218.2","OAKLAND TROY AIRPORT, MI US","  30.8","24","  24.3","24","9999.9"," 0","999.9"," 0","  9.9","24","  2.3","24","  6.0","999.9","  32.0","*","  30.2","*","99.99"," ","999.9","001000"
"72011354829","2007-12-11","42.54306","-83.17806","218.2","OAKLAND TROY AIRPORT, MI US","  31.5","24","  29.0","24","9999.9"," 0","999.9"," 0","  4.8","24","  0.9","24","  4.1","999.9","  35.6","*","  26.6","*","99.99"," ","999.9","011000"
"72011354829","2007-12-12","42.54306","-83.17806","218.2","OAKLAND TROY AIRPORT, MI US","  33.7","24","  26.8","24","9999.9"," 0","999.9"," 0","  8.7","24","  5.2","24"," 11.1"," 18.1","  35.6","*","  32.0","*","99.99"," ","999.9","011000"
"72011354829","2007-12-13","42.54306","-83.17806","218.2","OAKLAND TROY AIRPORT, MI US","  32.4","24","  27.1","24","9999.9"," 0","999.9"," 0","  8.1","24","  2.9","24","  8.9"," 15.0","  35.6","*","  30.2","*","99.99"," ","999.9","001000"
"72011354829","2007-12-14","42.54306","-83.17806","218.2","OAKLAND TROY AIRPORT, MI US","  33.0","24","  23.5","24","9999.9"," 0","999.9"," 0"," 10.0","24","  9.8","24"," 14.0"," 25.1","  35.6","*","  26.6","*"," 0.00","I","999.9","000000"
"72011354829","2007-12-15","42.54306","-83.17806","218.2","OAKLAND TROY AIRPORT, MI US","  24.5","24","  16.6","24","9999.9"," 0","999.9"," 0","  9.3","24","  7.3","24"," 17.1"," 19.0","  26.6","*","  23.0","*","99.99"," ","999.9","001000"
"72011354829","2007-12-16","42.54306","-83.17806","218.2","OAKLAND TROY AIRPORT, MI US","  25.4","24","  21.3","24","9999.9"," 0","999.9"," 0","  3.6","15"," 12.9","24"," 21.0"," 28.9","  28.4","*","  23.0","*","99.99"," ","999.9","001000"
"72011354829","2007-12-17","42.54306","-83.17806","218.2","OAKLAND TROY AIRPORT, MI US","  27.9","24","  19.8","24","9999.9"," 0","999.9"," 0","  9.0","24","  8.4","24"," 20.0"," 25.1","  30.2","*","  21.2","*","99.99"," ","999.9","001000"
"72011354829","2007-12-18","42.54306","-83.17806","218.2","OAKLAND TROY AIRPORT, MI US","  23.9","24","  18.7","24","9999.9"," 0","999.9"," 0","  6.4","24","  7.0","24","  9.9"," 15.0","  33.8","*","  17.6","*"," 0.00","I","999.9","000000"
"72011354829","2007-12-19","42.54306","-83.17806","218.2","OAKLAND TROY AIRPORT, MI US","  33.6","24","  28.0","24","9999.9"," 0","999.9"," 0","  9.0","24","  6.2","24"," 15.0"," 20.0","  35.6","*","  32.0","*"," 0.00","I","999.9","000000"
"72011354829","2007-12-20","42.54306","-83.17806","218.2","OAKLAND TROY AIRPORT, MI US","  31.7","24","  26.8","24","9999.9"," 0","999.9"," 0","  7.7","24","  3.1","24","  7.0","999.9","  37.4","*","  23.0","*"," 0.00","I","999.9","000000"
"72011354829","2007-12-21","42.54306","-83.17806","218.2","OAKLAND TROY AIRPORT, MI US","  32.8","24","  29.2","24","9999.9"," 0","999.9"," 0","  5.2","24","  5.6","24","  9.9"," 14.0","  39.2","*","  28.4","*"," 0.00","I","999.9","000000"
"72011354829","2007-12-22","42.54306","-83.17806","218.2","OAKLAND TROY AIRPORT, MI US","  38.7","24","  33.4","24","9999.9"," 0","999.9"," 0","  6.8","24","  3.6","24"," 12.0"," 15.0","  42.8","*","  35.6","*","99.99"," ","999.9","010000"
"72011354829","2007-12-23","42.54306","-83.17806","218.2","OAKLAND TROY AIRPORT, MI US","  40.3","24","  32.4","24","9999.9"," 0","999.9"," 0","  8.6","24"," 11.7","24"," 27.0"," 40.0","  50.0","*","  23.0","*","99.99"," ","999.9","011000"
"72011354829","2007-12-24","42.54306","-83.17806","218.2","OAKLAND TROY AIRPORT, MI US","  26.6","24","  18.2","24","9999.9"," 0","999.9"," 0","  8.1","24"," 13.1","24"," 21.0"," 33.0","  30.2","*","  23.0","*","99.99"," ","999.9","001000"
"72011354829","2007-12-25","42.54306","-83.17806","218.2","OAKLAND TROY AIRPORT, MI US","  30.4","24","  24.0","24","9999.9"," 0","999.9"," 0","  9.3","24","  5.9","24","  9.9"," 14.0","  32.0","*","  30.2","*"," 0.00","I","999.9","000000"
"72011354829","2007-12-26","42.54306","-83.17806","218.2","OAKLAND TROY AIRPORT, MI US","  29.1","24","  25.7","24","9999.9"," 0","999.9"," 0","  3.9","24","  1.5","24","  7.0","999.9","  39.2","*","  23.0","*","99.99"," ","999.9","101000"
"72011354829","2007-12-27","42.54306","-83.17806","218.2","OAKLAND TROY AIRPORT, MI US","  33.3","24","  31.5","24","9999.9"," 0","999.9"," 0","  2.8","24","  3.5","24"," 13.0"," 17.1","  37.4","*","  32.0","*","99.99"," ","999.9","111000"
"72011354829","2007-12-28","42.54306","-83.17806","218.2","OAKLAND TROY AIRPORT, MI US","  31.8","24","  27.3","24","9999.9"," 0","999.9"," 0","  8.8","24","  4.3","24"," 14.0"," 22.9","  35.6","*","  26.6","*","99.99"," ","999.9","011000"
"72011354829","2007-12-29","42.54306","-83.17806","218.2","OAKLAND TROY AIRPORT, MI US","  34.7","24","  28.6","24","9999.9"," 0","999.9"," 0","  8.8","24"," 10.5","24"," 23.9"," 34.0","  37.4","*","  32.0","*","99.99"," ","999.9","011000"
"72011354829","2007-12-30","42.54306","-83.17806","218.2","OAKLAND TROY AIRPORT, MI US","  29.6","24","  21.3","24","9999.9"," 0","999.9"," 0"," 10.0","24","  3.4","24","  8.9","999.9","  32.0","*","  28.4","*","99.99"," ","999.9","001000"
"72011354829","2007-12-31","42.54306","-83.17806","218.2","OAKLAND TROY AIRPORT, MI US","  30.6","24","  27.4","24","9999.9"," 0","999.9"," 0","  2.9","24","  0.9","24","  5.1","999.9","  33.8","*","  26.6","*","99.99"," ","999.9","001000"
